41.458,0.72,-1.22,0.59
49.098,0.72,-1.22,0.59
50.43,0.72,-1.22,0.59
51.377,0.72,-1.22,0.59
53.617,0.72,-1.22,0.59
54.044,0.72,-1.22,0.59
54.438,0.72,-1.22,0.59
54.816,0.72,-1.22,0.59
55.193,0.72,-1.22,0.59
55.571,0.72,-1.22,0.59
55.95,0.72,-1.22,0.59
56.324,0.72,-1.22,0.59
56.702,0.72,-1.22,0.59
57.079,0.72,-1.22,0.59
57.453,0.72,-1.22,0.59
57.83,0.72,-1.22,0.59
58.226,0.72,-1.22,0.59
58.609,0.72,-1.22,0.59
58.985,0.72,-1.22,0.59
59.358,0.72,-1.22,0.59
59.73,0.72,-1.22,0.59
60.104,0.72,-1.22,0.59
60.476,0.72,-1.22,0.59
60.848,0.72,-1.22,0.59
61.222,0.72,-1.22,0.59
61.594,0.72,-1.22,0.59
61.968,0.72,-1.22,0.59
62.348,0.72,-1.22,0.59
62.723,0.72,-1.22,0.59
63.092,0.72,-1.22,0.59
63.465,0.72,-1.22,0.59
63.838,0.96,-1.22,0.59
64.208,0.96,-1.22,0.59
64.597,0.96,-1.22,0.59
64.969,0.96,-1.22,0.59
65.341,0.96,-1.22,0.59
65.714,0.96,-1.22,0.59
66.086,0.96,-1.22,0.59
66.463,0.96,-1.22,0.59
66.834,0.96,-1.22,0.59
67.209,0.96,-1.22,0.59
67.583,0.96,-1.22,0.59
67.958,0.96,-1.22,0.59
68.33,0.96,-1.22,0.59
68.703,0.96,-1.22,0.59
69.077,0.96,-1.22,0.59
69.45,0.96,-1.22,0.59
69.824,0.96,-1.22,0.59
70.197,0.96,-1.22,0.59
70.579,0.96,-1.22,0.59
70.97,0.96,-1.22,0.59
71.344,0.96,-1.22,0.59
71.716,0.96,-1.22,0.59
72.087,0.96,-1.22,0.59
72.46,0.96,-1.22,0.59
72.83,0.96,-1.22,0.59
73.202,0.96,-1.22,0.59
73.573,0.96,-1.22,0.59
73.946,0.96,-1.22,0.59
74.317,0.96,-1.22,0.59
74.696,0.96,-1.22,0.59
75.073,0.96,-1.22,0.59
75.446,0.96,-1.22,0.59
75.816,0.96,-1.22,0.59
76.187,0.96,-1.22,0.59
76.559,0.96,-1.22,0.59
76.989,0.96,-1.22,0.59
77.37,0.96,-1.22,0.59
77.751,0.96,-1.22,0.59
78.158,0.96,-1.22,0.59
78.542,0.96,-1.22,0.59
78.95,0.96,-1.22,0.59
79.371,0.96,-1.22,0.59
79.749,0.72,-1.22,0.59
80.127,0.72,-1.22,0.59
80.506,0.72,-1.22,0.59
80.884,0.72,-1.22,0.59
81.261,0.72,-1.22,0.59
81.639,0.72,-1.22,0.59
82.016,0.72,-1.22,0.59
82.406,0.72,-1.22,0.59
82.782,0.72,-1.22,0.59
83.16,0.72,-1.22,0.59
83.56,0.72,-1.22,0.59
83.936,0.72,-1.22,0.59
84.317,0.72,-1.22,0.59
84.697,0.72,-1.22,0.59
85.073,0.72,-1.22,0.59
85.448,0.72,-1.22,0.59
85.823,0.72,-1.22,0.59
86.196,0.72,-1.22,0.59
86.58,0.72,-1.22,0.59
86.956,0.72,-1.22,0.59
87.333,0.72,-1.22,0.59
87.705,0.72,-1.22,0.59
88.077,0.72,-1.22,0.59
88.468,0.72,-1.22,0.59
88.845,0.72,-1.22,0.59
89.217,0.72,-1.22,0.59
89.59,0.72,-1.22,0.59
89.984,0.72,-1.22,0.59
90.365,0.72,-1.22,0.59
90.738,0.72,-1.22,0.59
91.111,0.72,-1.22,0.59
91.485,0.72,-1.22,0.59
91.857,0.72,-1.22,0.59
92.229,0.72,-1.22,0.59
92.602,0.72,-1.22,0.59
92.974,0.72,-1.22,0.59
93.346,0.72,-1.22,0.59
93.72,0.72,-1.22,0.59
94.092,0.72,-1.22,0.59
94.473,0.72,-1.22,0.59
94.844,0.72,-1.22,0.59
95.215,0.72,-1.22,0.59
95.587,0.72,-1.22,0.35
96.058,0.72,-1.22,0.35
96.449,0.72,-1.22,0.35
96.822,0.72,-1.22,0.35
97.193,0.72,-1.22,0.35
97.564,0.72,-1.22,0.35
97.936,0.72,-1.22,0.35
98.309,0.72,-1.22,0.35
98.689,0.72,-1.22,0.35
99.062,0.72,-1.22,0.35
99.447,0.72,-1.22,0.35
99.821,0.72,-1.22,0.35
100.22,0.72,-1.22,0.35
100.59,0.72,-1.22,0.35
100.97,0.72,-1.22,0.35
101.37,0.72,-1.22,0.35
101.76,0.72,-1.22,0.35
102.13,0.72,-1.22,0.35
102.51,0.72,-1.22,0.35
102.89,0.72,-1.22,0.35
103.26,0.72,-1.22,0.35
103.63,0.72,-1.22,0.35
104,0.72,-1.22,0.35
104.37,0.72,-1.22,0.35
104.74,0.72,-1.22,0.35
105.11,0.72,-1.22,0.35
105.48,0.72,-1.22,0.35
105.85,0.72,-1.22,0.35
106.22,0.72,-1.22,0.35
106.59,0.72,-1.22,0.35
106.96,0.72,-1.22,0.35
107.33,0.72,-1.22,0.35
107.7,0.72,-1.22,0.35
108.1,0.72,-1.22,0.35
108.47,0.72,-1.22,0.35
108.84,0.72,-1.22,0.35
109.22,0.72,-1.22,0.35
109.59,0.72,-1.22,0.35
109.95,0.72,-1.22,0.35
110.32,0.72,-1.22,0.35
110.69,0.72,-1.22,0.35
111.06,0.72,-1.22,0.35
111.42,0.72,-1.22,0.35
111.79,0.96,-1.22,0.35
112.15,0.96,-1.22,0.35
112.52,0.96,-1.22,0.35
112.89,0.96,-1.22,0.35
113.25,0.96,-1.22,0.35
113.62,0.96,-1.22,0.35
113.99,0.96,-1.22,0.35
114.36,0.96,-1.22,0.35
114.72,0.96,-1.22,0.35
115.09,0.96,-1.22,0.35
115.47,0.96,-1.22,0.35
115.84,0.96,-1.22,0.35
116.22,0.96,-1.22,0.35
116.59,0.96,-1.22,0.35
116.95,0.96,-1.22,0.35
117.37,0.96,-1.22,0.35
117.74,0.96,-1.22,0.35
118.1,0.96,-1.22,0.35
118.5,0.96,-1.22,0.35
118.86,0.96,-1.22,0.35
119.24,0.96,-1.22,0.35
119.61,0.96,-1.22,0.35
119.97,0.96,-1.22,0.35
120.34,0.96,-1.22,0.35
120.71,0.96,-1.22,0.35
121.08,0.96,-1.22,0.35
121.46,0.96,-1.22,0.35
121.83,0.96,-1.22,0.35
122.19,0.96,-1.22,0.35
122.57,0.96,-1.22,0.35
122.93,0.96,-1.22,0.35
123.3,0.96,-1.22,0.35
123.67,0.96,-1.22,0.35
124.04,0.96,-1.22,0.35
124.4,0.96,-1.22,0.35
124.77,0.96,-1.22,0.35
125.14,0.96,-1.22,0.35
125.51,0.96,-1.22,0.35
125.87,0.96,-1.22,0.35
126.24,0.96,-1.22,0.35
126.62,0.96,-1.22,0.35
126.98,0.96,-1.22,0.35
127.35,0.96,-1.22,0.35
127.74,0.72,-1.22,0.35
128.11,0.72,-1.22,0.35
128.47,0.72,-1.22,0.35
128.84,0.72,-1.22,0.35
129.21,0.72,-1.22,0.35
129.57,0.72,-1.22,0.35
129.94,0.72,-1.22,0.35
130.31,0.72,-1.22,0.35
130.69,0.72,-1.22,0.35
131.05,0.72,-1.22,0.35
131.41,0.72,-1.22,0.35
131.78,0.72,-1.22,0.35
132.15,0.72,-1.22,0.35
132.52,0.72,-1.22,0.35
132.88,0.72,-1.22,0.35
133.25,0.72,-1.22,0.35
133.62,0.72,-1.22,0.35
134,0.72,-1.22,0.35
134.37,0.72,-1.22,0.35
134.74,0.72,-1.22,0.35
135.11,0.72,-1.22,0.35
135.48,0.72,-1.22,0.35
135.85,0.72,-1.22,0.35
136.22,0.72,-1.22,0.35
136.58,0.72,-1.22,0.35
136.95,0.72,-1.22,0.35
137.32,0.72,-1.22,0.35
137.69,0.72,-1.22,0.35
138.06,0.72,-1.22,0.35
138.43,0.72,-1.22,0.35
138.8,0.72,-1.22,0.35
139.17,0.72,-1.22,0.35
139.54,0.72,-1.22,0.35
139.91,0.72,-1.22,0.35
140.29,0.72,-1.22,0.35
140.66,0.72,-1.22,0.35
141.03,0.72,-1.22,0.35
141.4,0.72,-1.22,0.35
141.77,0.72,-1.22,0.35
142.13,0.72,-1.22,0.35
142.51,0.72,-1.22,0.35
142.87,0.72,-1.22,0.35
143.24,0.72,-1.22,0.35
143.61,0.72,-1.22,0.35
143.97,0.72,-1.22,0.35
144.34,0.72,-1.22,0.35
144.7,0.72,-1.22,0.35
145.07,0.72,-1.22,0.35
145.44,0.72,-1.22,0.35
145.8,0.72,-1.22,0.35
146.17,0.72,-1.22,0.35
146.55,0.72,-1.22,0.35
146.92,0.72,-1.22,0.35
147.29,0.72,-1.22,0.35
147.65,0.72,-1.22,0.35
148.02,0.72,-1.22,0.35
148.38,0.72,-1.22,0.35
148.75,0.72,-1.22,0.35
149.12,0.72,-1.22,0.35
149.48,0.72,-1.22,0.35
149.85,0.72,-1.22,0.35
150.21,0.72,-1.22,0.35
150.59,0.72,-1.22,0.35
150.96,0.72,-1.22,0.35
151.32,0.72,-1.22,0.35
151.69,0.72,-1.22,0.35
152.06,0.72,-1.22,0.35
152.43,0.72,-1.22,0.35
152.81,0.72,-1.22,0.35
153.17,0.72,-1.22,0.35
153.53,0.72,-1.22,0.35
153.9,0.72,-1.22,0.35
154.27,0.72,-1.22,0.35
154.64,0.72,-1.22,0.35
155.01,0.72,-1.22,0.35
155.37,0.72,-1.22,0.35
155.74,0.72,-1.22,0.35
156.1,0.72,-1.22,0.35
156.47,0.72,-1.22,0.35
156.83,0.72,-1.22,0.35
157.2,0.72,-1.22,0.35
157.57,0.72,-1.22,0.35
157.93,0.72,-1.22,0.35
158.3,0.72,-1.22,0.35
158.67,0.72,-1.22,0.35
159.05,0.72,-1.22,0.35
159.42,0.72,-1.22,0.35
159.78,0.72,-1.22,0.35
160.15,0.72,-1.22,0.35
160.52,0.72,-1.22,0.35
160.88,0.72,-1.22,0.35
161.25,0.72,-1.22,0.35
161.61,0.72,-1.22,0.35
161.98,0.72,-1.22,0.35
162.42,0.72,-1.22,0.35
162.79,0.72,-1.22,0.35
163.15,0.72,-1.22,0.35
163.52,0.72,-1.22,0.35
163.88,0.72,-1.22,0.35
164.25,0.72,-1.22,0.35
164.62,0.72,-1.22,0.35
165,0.72,-1.22,0.35
165.36,0.72,-1.22,0.35
165.73,0.72,-1.22,0.35
166.1,0.72,-1.22,0.35
166.47,0.72,-1.22,0.35
166.84,0.72,-1.22,0.35
167.2,0.72,-1.22,0.35
167.57,0.72,-1.22,0.35
167.95,0.72,-1.22,0.35
168.32,0.72,-1.22,0.35
168.69,0.72,-1.22,0.35
169.06,0.72,-1.22,0.35
169.42,0.72,-1.22,0.35
169.79,0.72,-1.22,0.35
170.16,0.72,-1.22,0.35
170.53,0.72,-1.22,0.35
170.89,0.72,-1.22,0.35
171.28,0.72,-1.22,0.35
171.64,0.72,-1.22,0.35
172.01,0.72,-1.22,0.35
172.38,0.72,-1.22,0.35
172.74,0.72,-1.22,0.35
173.11,0.72,-1.22,0.35
173.5,0.72,-1.22,0.35
173.87,0.72,-1.22,0.35
174.23,0.72,-1.22,0.35
174.61,0.72,-1.22,0.35
174.97,0.72,-1.22,0.35
175.34,0.72,-1.22,0.35
175.7,0.72,-1.22,0.35
176.07,0.72,-1.22,0.35
176.44,0.72,-1.22,0.35
176.8,0.72,-1.22,0.35
177.17,0.72,-1.22,0.35
177.55,0.72,-1.22,0.35
177.91,0.72,-1.22,0.35
178.28,0.72,-1.22,0.35
178.65,0.72,-1.22,0.35
179.02,0.72,-1.22,0.35
179.38,0.72,-1.22,0.35
179.75,0.72,-1.22,0.35
180.12,0.72,-1.22,0.35
180.49,0.72,-1.22,0.35
180.85,0.72,-1.22,0.35
181.22,0.72,-1.22,0.35
181.58,0.72,-1.22,0.35
181.95,0.72,-1.22,0.35
182.31,0.72,-1.22,0.35
182.68,0.72,-1.22,0.35
183.05,0.72,-1.22,0.35
183.41,0.72,-1.22,0.35
183.79,0.72,-1.22,0.35
184.16,0.72,-1.22,0.35
184.53,0.72,-1.22,0.35
184.89,0.72,-1.22,0.35
185.25,0.72,-1.22,0.35
185.62,0.72,-1.22,0.35
185.99,0.72,-1.22,0.35
186.36,0.72,-1.22,0.35
186.73,0.72,-1.22,0.35
187.09,0.72,-1.22,0.35
187.46,0.72,-1.22,0.35
187.83,0.72,-1.22,0.35
188.19,0.72,-1.22,0.35
188.56,0.72,-1.22,0.35
188.92,0.72,-1.22,0.35
189.28,0.72,-1.22,0.35
189.65,0.72,-1.22,0.35
190.03,0.72,-1.22,0.35
190.4,0.72,-1.22,0.35
190.77,0.72,-1.22,0.35
191.13,0.72,-1.22,0.35
191.5,0.72,-1.22,0.35
191.86,0.72,-0.98,0.59
192.23,0.72,-0.98,0.59
192.59,0.72,-0.98,0.59
192.96,0.72,-0.98,0.59
193.32,0.72,-0.98,0.59
193.69,0.72,-0.98,0.59
194.05,0.72,-0.98,0.59
194.42,0.72,-0.98,0.59
194.79,0.72,-0.98,0.59
195.16,0.72,-0.98,0.59
195.52,0.72,-0.98,0.59
195.89,0.72,-0.98,0.59
196.27,0.72,-0.98,0.59
196.64,0.72,-0.98,0.59
197.01,0.72,-0.98,0.59
197.37,0.72,-0.98,0.59
197.74,0.72,-0.98,0.59
198.1,0.72,-0.98,0.59
198.48,0.72,-0.98,0.59
198.85,0.72,-0.98,0.59
199.21,0.72,-0.98,0.59
199.57,0.72,-0.98,0.59
199.94,0.72,-0.98,0.59
200.31,0.72,-0.98,0.59
200.67,0.72,-0.98,0.59
201.04,0.72,-0.98,0.59
201.4,0.72,-0.98,0.59
201.77,0.72,-0.98,0.59
202.14,0.72,-0.98,0.59
202.52,0.72,-0.98,0.59
202.89,0.72,-0.98,0.59
203.25,0.72,-0.98,0.59
203.62,0.72,-0.98,0.59
203.99,0.72,-0.98,0.59
204.35,0.72,-0.98,0.59
204.72,0.72,-0.98,0.59
205.08,0.72,-0.98,0.59
205.45,0.72,-0.98,0.59
205.81,0.72,-0.98,0.59
206.18,0.72,-0.98,0.59
206.55,0.72,-0.98,0.59
206.92,0.72,-0.98,0.59
207.29,0.72,-0.98,0.59
207.65,0.72,-1.22,0.35
208.02,0.72,-1.22,0.35
208.4,0.72,-1.22,0.35
208.77,0.72,-1.22,0.35
209.13,0.72,-1.22,0.35
209.5,0.72,-1.22,0.35
209.86,0.72,-1.22,0.35
210.23,0.72,-1.22,0.35
210.6,0.72,-1.22,0.35
210.97,0.72,-1.22,0.35
211.34,0.72,-1.22,0.35
211.71,0.72,-1.22,0.35
212.08,0.72,-1.22,0.35
212.44,0.72,-1.22,0.35
212.81,0.72,-1.22,0.35
213.17,0.72,-1.22,0.35
213.54,0.72,-1.22,0.35
213.91,0.72,-1.22,0.35
214.3,0.72,-1.22,0.35
214.69,0.72,-1.22,0.35
215.06,0.72,-1.22,0.35
215.43,0.72,-1.22,0.35
215.8,0.72,-1.22,0.35
216.16,0.72,-1.22,0.35
216.53,0.72,-1.22,0.35
216.89,0.72,-1.22,0.35
217.26,0.72,-1.22,0.35
217.62,0.72,-1.22,0.35
217.99,0.72,-1.22,0.35
218.36,0.72,-1.22,0.35
218.73,0.72,-1.22,0.35
219.11,0.72,-1.22,0.35
219.49,0.72,-1.22,0.35
219.87,0.72,-1.22,0.35
220.24,0.72,-1.22,0.35
220.6,0.72,-1.22,0.35
220.98,0.72,-1.22,0.35
221.34,0.72,-1.22,0.35
221.71,0.72,-1.22,0.35
222.08,0.72,-1.22,0.35
222.45,0.72,-1.22,0.35
222.81,0.72,-1.22,0.35
223.18,0.72,-1.22,0.35
223.54,0.72,-1.22,0.59
223.91,0.72,-1.22,0.59
224.27,0.72,-1.22,0.59
224.63,0.72,-1.22,0.59
225,0.72,-1.22,0.59
225.36,0.72,-1.22,0.59
225.73,0.72,-1.22,0.59
226.1,0.72,-1.22,0.59
226.47,0.72,-1.22,0.59
226.84,0.72,-1.22,0.59
227.22,0.72,-1.22,0.59
227.58,0.72,-1.22,0.59
227.95,0.72,-1.22,0.59
228.31,0.72,-1.22,0.59
228.68,0.72,-1.22,0.59
229.08,0.72,-1.22,0.59
229.45,0.72,-1.22,0.59
229.81,0.72,-1.22,0.59
230.18,0.72,-1.22,0.59
230.55,0.72,-1.22,0.59
230.92,0.72,-1.22,0.59
231.28,0.72,-1.22,0.59
231.65,0.72,-1.22,0.59
232.01,0.72,-1.22,0.59
232.38,0.72,-1.22,0.59
232.75,0.72,-1.22,0.59
233.11,0.72,-1.22,0.59
233.49,0.72,-1.22,0.59
233.86,0.72,-1.22,0.59
234.23,0.72,-1.22,0.59
234.6,0.72,-1.22,0.59
234.97,0.72,-1.22,0.59
235.33,0.72,-1.22,0.59
235.7,0.72,-1.22,0.59
236.06,0.72,-1.22,0.59
236.42,0.72,-1.22,0.59
236.79,0.72,-1.22,0.59
237.15,0.72,-1.22,0.59
237.52,0.72,-1.22,0.59
237.88,0.72,-1.22,0.59
238.24,0.72,-1.22,0.59
238.61,0.72,-1.22,0.59
238.98,0.72,-1.22,0.59
239.34,0.72,-1.22,0.59
239.72,0.96,-1.22,0.59
240.08,0.96,-1.22,0.59
240.45,0.96,-1.22,0.59
240.81,0.96,-1.22,0.59
241.17,0.96,-1.22,0.59
241.54,0.96,-1.22,0.59
241.9,0.96,-1.22,0.59
242.26,0.96,-1.22,0.59
242.63,0.96,-1.22,0.59
243,0.96,-1.22,0.59
243.37,0.96,-1.22,0.59
243.73,0.96,-1.22,0.59
244.09,0.96,-1.22,0.59
244.46,0.96,-1.22,0.59
244.82,0.96,-1.22,0.59
245.19,0.96,-1.22,0.59
245.56,0.96,-1.22,0.59
245.93,0.96,-1.22,0.59
246.3,0.96,-1.22,0.59
246.67,0.96,-1.22,0.59
247.03,0.96,-1.22,0.59
247.4,0.96,-1.22,0.59
247.76,0.96,-1.22,0.59
248.13,0.96,-1.22,0.59
248.49,0.96,-1.22,0.59
248.86,0.96,-1.22,0.59
249.22,0.96,-1.22,0.59
249.59,0.96,-1.22,0.59
249.95,0.96,-1.22,0.59
250.32,0.96,-1.22,0.59
250.69,0.96,-1.22,0.59
251.05,0.96,-1.22,0.59
251.42,0.96,-1.22,0.59
251.8,0.96,-1.22,0.59
252.16,0.96,-1.22,0.59
252.53,0.96,-1.22,0.59
252.89,0.96,-1.22,0.59
253.25,0.96,-1.22,0.59
253.61,0.96,-1.22,0.59
253.98,0.96,-1.22,0.59
254.35,0.96,-1.22,0.59
254.72,0.96,-1.22,0.59
255.09,0.96,-1.22,0.59
255.45,0.96,-1.22,0.59
255.81,0.96,-1.22,0.35
256.17,0.96,-1.22,0.35
256.54,0.96,-1.22,0.35
256.9,0.96,-1.22,0.35
257.27,0.96,-1.22,0.35
257.63,0.96,-1.22,0.35
258.02,0.96,-1.22,0.35
258.39,0.96,-1.22,0.35
258.75,0.96,-1.22,0.35
259.12,0.96,-1.22,0.35
259.48,0.96,-1.22,0.35
259.84,0.96,-1.22,0.35
260.2,0.96,-1.22,0.35
260.57,0.96,-1.22,0.35
260.93,0.96,-1.22,0.35
261.3,0.96,-1.22,0.35
261.66,0.96,-1.22,0.35
262.02,0.96,-1.22,0.35
262.39,0.96,-1.22,0.35
262.75,0.96,-1.22,0.35
263.11,0.96,-1.22,0.35
263.48,0.96,-1.22,0.35
263.84,0.96,-1.22,0.35
264.22,0.96,-1.22,0.35
264.58,0.96,-1.22,0.35
264.95,0.96,-1.22,0.35
265.31,0.96,-1.22,0.35
265.68,0.96,-1.22,0.35
266.04,0.96,-1.22,0.35
266.41,0.96,-1.22,0.35
266.77,0.96,-1.22,0.35
267.13,0.96,-1.22,0.35
267.49,0.96,-1.22,0.35
267.85,0.96,-1.22,0.35
268.22,0.96,-1.22,0.35
268.59,0.96,-1.22,0.35
268.95,0.96,-1.22,0.35
269.31,0.96,-1.22,0.35
269.67,0.96,-1.22,0.35
270.04,0.96,-1.22,0.35
270.42,0.96,-1.22,0.35
270.79,0.96,-1.22,0.35
271.15,0.96,-1.22,0.35
271.51,0.96,-1.22,0.35
271.88,0.72,-0.98,0.35
272.24,0.72,-0.98,0.35
272.6,0.72,-0.98,0.35
272.97,0.72,-0.98,0.35
273.33,0.72,-0.98,0.35
273.69,0.72,-0.98,0.35
274.05,0.72,-0.98,0.35
274.42,0.72,-0.98,0.35
274.79,0.72,-0.98,0.35
275.15,0.72,-0.98,0.35
275.51,0.72,-0.98,0.35
275.87,0.72,-0.98,0.35
276.24,0.72,-0.98,0.35
276.61,0.72,-0.98,0.35
276.97,0.72,-0.98,0.35
277.34,0.72,-0.98,0.35
277.7,0.72,-0.98,0.35
278.06,0.72,-0.98,0.35
278.43,0.72,-0.98,0.35
278.8,0.72,-0.98,0.35
279.16,0.72,-0.98,0.35
279.53,0.72,-0.98,0.35
279.89,0.72,-0.98,0.35
280.25,0.72,-0.98,0.35
280.61,0.72,-0.98,0.35
280.98,0.72,-0.98,0.35
281.34,0.72,-0.98,0.35
281.7,0.72,-0.98,0.35
282.06,0.72,-0.98,0.35
282.44,0.72,-0.98,0.35
282.81,0.72,-0.98,0.35
283.18,0.72,-0.98,0.35
283.54,0.72,-0.98,0.35
283.91,0.72,-0.98,0.35
284.27,0.72,-0.98,0.35
284.64,0.72,-0.98,0.35
285,0.72,-0.98,0.35
285.37,0.72,-0.98,0.35
285.74,0.72,-0.98,0.35
286.1,0.72,-0.98,0.35
286.47,0.72,-0.98,0.35
286.84,0.72,-0.98,0.35
287.21,0.72,-0.98,0.35
287.57,0.72,-1.22,0.59
287.94,0.72,-1.22,0.59
288.31,0.72,-1.22,0.59
288.69,0.72,-1.22,0.59
289.06,0.72,-1.22,0.59
289.42,0.72,-1.22,0.59
289.79,0.72,-1.22,0.59
290.15,0.72,-1.22,0.59
290.52,0.72,-1.22,0.59
290.89,0.72,-1.22,0.59
291.25,0.72,-1.22,0.59
291.62,0.72,-1.22,0.59
291.99,0.72,-1.22,0.59
292.35,0.72,-1.22,0.59
292.72,0.72,-1.22,0.59
293.08,0.72,-1.22,0.59
293.45,0.72,-1.22,0.59
293.89,0.72,-1.22,0.59
294.26,0.72,-1.22,0.59
294.63,0.72,-1.22,0.59
295.01,0.72,-1.22,0.59
295.38,0.72,-1.22,0.59
295.74,0.72,-1.22,0.59
296.11,0.72,-1.22,0.59
296.48,0.72,-1.22,0.59
296.84,0.72,-1.22,0.59
297.21,0.72,-1.22,0.59
297.58,0.72,-1.22,0.59
297.94,0.72,-1.22,0.59
298.31,0.72,-1.22,0.59
298.68,0.72,-1.22,0.59
299.05,0.72,-1.22,0.59
299.41,0.72,-1.22,0.59
299.78,0.72,-1.22,0.59
300.14,0.72,-1.22,0.59
300.51,0.72,-1.22,0.59
300.88,0.72,-1.22,0.59
301.25,0.72,-1.22,0.59
301.62,0.72,-1.22,0.59
301.99,0.72,-1.22,0.59
302.36,0.72,-1.22,0.59
302.73,0.72,-1.22,0.59
303.09,0.72,-1.22,0.59
303.46,0.72,-1.22,0.59
303.82,0.96,-1.22,0.35
304.19,0.96,-1.22,0.35
304.56,0.96,-1.22,0.35
304.93,0.96,-1.22,0.35
305.3,0.96,-1.22,0.35
305.67,0.96,-1.22,0.35
306.03,0.96,-1.22,0.35
306.41,0.96,-1.22,0.35
306.78,0.96,-1.22,0.35
307.15,0.96,-1.22,0.35
307.53,0.96,-1.22,0.35
307.9,0.96,-1.22,0.35
308.26,0.96,-1.22,0.35
308.63,0.96,-1.22,0.35
309,0.96,-1.22,0.35
309.37,0.96,-1.22,0.35
309.74,0.96,-1.22,0.35
310.11,0.96,-1.22,0.35
310.49,0.96,-1.22,0.35
310.86,0.96,-1.22,0.35
311.23,0.96,-1.22,0.35
311.64,0.96,-1.22,0.35
312.01,0.96,-1.22,0.35
312.38,0.96,-1.22,0.35
312.75,0.96,-1.22,0.35
313.11,0.96,-1.22,0.35
313.48,0.96,-1.22,0.35
313.86,0.96,-1.22,0.35
314.23,0.96,-1.22,0.35
314.61,0.96,-1.22,0.35
315,0.96,-1.22,0.35
315.37,0.96,-1.22,0.35
315.74,0.96,-1.22,0.35
316.11,0.96,-1.22,0.35
316.48,0.96,-1.22,0.35
316.85,0.96,-1.22,0.35
317.21,0.96,-1.22,0.35
317.58,0.96,-1.22,0.35
317.95,0.96,-1.22,0.35
318.32,0.96,-1.22,0.35
318.69,0.96,-1.22,0.35
319.06,0.96,-1.22,0.35
319.43,0.96,-1.22,0.35
319.8,1.2,-1.22,0.59
320.19,1.2,-1.22,0.59
320.56,1.2,-1.22,0.59
320.95,1.2,-1.22,0.59
321.33,1.2,-1.22,0.59
321.71,1.2,-1.22,0.59
322.08,1.2,-1.22,0.59
322.46,1.2,-1.22,0.59
322.83,1.2,-1.22,0.59
323.2,1.2,-1.22,0.59
323.57,1.2,-1.22,0.59
323.94,1.2,-1.22,0.59
324.31,1.2,-1.22,0.59
324.68,1.2,-1.22,0.59
325.05,1.2,-1.22,0.59
325.43,1.2,-1.22,0.59
325.8,1.2,-1.22,0.59
326.17,1.2,-1.22,0.59
326.56,1.2,-1.22,0.59
326.93,1.2,-1.22,0.59
327.31,1.2,-1.22,0.59
327.68,1.2,-1.22,0.59
328.05,1.2,-1.22,0.59
328.42,1.2,-1.22,0.59
328.79,1.2,-1.22,0.59
329.17,1.2,-1.22,0.59
329.54,1.2,-1.22,0.59
329.91,1.2,-1.22,0.59
330.28,1.2,-1.22,0.59
330.66,1.2,-1.22,0.59
331.04,1.2,-1.22,0.59
331.41,1.2,-1.22,0.59
331.78,1.2,-1.22,0.59
332.15,1.2,-1.22,0.59
332.54,1.2,-1.22,0.59
332.91,1.2,-1.22,0.59
333.29,1.2,-1.22,0.59
333.66,1.2,-1.22,0.59
334.03,1.2,-1.22,0.59
334.41,1.2,-1.22,0.59
334.78,1.2,-1.22,0.59
335.15,1.2,-1.22,0.59
335.52,1.2,-1.22,0.59
335.89,1.2,-1.22,0.59
336.26,1.2,-1.22,0.59
336.63,1.2,-1.22,0.59
337,1.2,-1.22,0.59
337.37,1.2,-1.22,0.59
337.74,1.2,-1.22,0.59
338.11,1.2,-1.22,0.59
338.52,1.2,-1.22,0.59
338.91,1.2,-1.22,0.59
339.28,1.2,-1.22,0.59
339.65,1.2,-1.22,0.59
340.02,1.2,-1.22,0.59
340.39,1.2,-1.22,0.59
340.76,1.2,-1.22,0.59
341.13,1.2,-1.22,0.59
341.5,1.2,-1.22,0.59
341.87,1.2,-1.22,0.59
342.24,1.2,-1.22,0.59
342.62,1.2,-1.22,0.59
343.02,1.2,-1.22,0.59
343.39,1.2,-1.22,0.59
343.76,1.2,-1.22,0.59
344.13,1.2,-1.22,0.59
344.5,1.2,-1.22,0.59
344.87,1.2,-1.22,0.59
345.26,1.2,-1.22,0.59
345.63,1.2,-1.22,0.59
346,1.2,-1.22,0.59
346.38,1.2,-1.22,0.59
346.74,1.2,-1.22,0.59
347.11,1.2,-1.22,0.59
347.48,1.2,-1.22,0.59
347.85,1.2,-1.22,0.59
348.22,1.2,-1.22,0.59
348.59,1.2,-1.22,0.59
348.96,1.2,-1.22,0.59
349.33,1.2,-1.22,0.59
349.7,1.2,-1.22,0.59
350.07,1.2,-1.22,0.59
350.44,1.2,-1.22,0.59
350.83,1.2,-1.22,0.59
351.2,1.2,-1.22,0.59
351.58,1.2,-0.98,0.35
351.95,1.2,-0.98,0.35
352.33,1.2,-0.98,0.35
352.7,1.2,-0.98,0.35
353.07,1.2,-0.98,0.35
353.44,1.2,-0.98,0.35
353.81,1.2,-0.98,0.35
354.17,1.2,-0.98,0.35
354.55,1.2,-0.98,0.35
354.92,1.2,-0.98,0.35
355.29,1.2,-0.98,0.35
355.66,1.2,-0.98,0.35
356.03,1.2,-0.98,0.35
356.39,1.2,-0.98,0.35
356.76,1.2,-0.98,0.35
357.13,1.2,-0.98,0.35
357.5,1.2,-0.98,0.35
357.89,1.2,-0.98,0.35
358.26,1.2,-0.98,0.35
358.64,1.2,-0.98,0.35
359.01,1.2,-0.98,0.35
359.38,1.2,-0.98,0.35
359.74,1.2,-0.98,0.35
360.11,1.2,-0.98,0.35
360.48,1.2,-0.98,0.35
360.85,1.2,-0.98,0.35
361.22,1.2,-0.98,0.35
361.59,1.2,-0.98,0.35
361.96,1.2,-0.98,0.35
362.33,1.2,-0.98,0.35
362.7,1.2,-0.98,0.35
363.07,1.2,-0.98,0.35
363.44,1.2,-0.98,0.35
363.81,1.2,-0.98,0.35
364.19,1.2,-0.98,0.35
364.56,1.2,-0.98,0.35
364.93,1.2,-0.98,0.35
365.3,1.2,-0.98,0.35
365.67,1.2,-0.98,0.35
366.04,1.2,-0.98,0.35
366.41,1.2,-0.98,0.35
366.78,1.2,-0.98,0.35
367.15,1.2,-0.98,0.35
367.52,1.2,-0.98,0.35
367.89,1.44,-0.98,0.35
368.26,1.44,-0.98,0.35
368.63,1.44,-0.98,0.35
369.01,1.44,-0.98,0.35
369.38,1.44,-0.98,0.35
369.75,1.44,-0.98,0.35
370.12,1.44,-0.98,0.35
370.51,1.44,-0.98,0.35
370.88,1.44,-0.98,0.35
371.25,1.44,-0.98,0.35
371.62,1.44,-0.98,0.35
371.98,1.44,-0.98,0.35
372.35,1.44,-0.98,0.35
372.72,1.44,-0.98,0.35
373.09,1.44,-0.98,0.35
373.46,1.44,-0.98,0.35
373.83,1.44,-0.98,0.35
374.2,1.44,-0.98,0.35
374.57,1.44,-0.98,0.35
374.95,1.44,-0.98,0.35
375.32,1.44,-0.98,0.35
375.69,1.44,-0.98,0.35
376.06,1.44,-0.98,0.35
376.45,1.44,-0.98,0.35
376.81,1.44,-0.98,0.35
377.18,1.44,-0.98,0.35
377.55,1.44,-0.98,0.35
377.93,1.44,-0.98,0.35
378.3,1.44,-0.98,0.35
378.67,1.44,-0.98,0.35
379.04,1.44,-0.98,0.35
379.41,1.44,-0.98,0.35
379.78,1.44,-0.98,0.35
380.15,1.44,-0.98,0.35
380.52,1.44,-0.98,0.35
380.88,1.44,-0.98,0.35
381.25,1.44,-0.98,0.35
381.62,1.44,-0.98,0.35
381.99,1.44,-0.98,0.35
382.36,1.44,-0.98,0.35
382.75,1.44,-0.98,0.35
383.12,1.44,-0.98,0.35
383.49,1.44,-0.98,0.35
383.86,1.68,-1.22,0.35
384.23,1.68,-1.22,0.35
384.6,1.68,-1.22,0.35
384.97,1.68,-1.22,0.35
385.33,1.68,-1.22,0.35
385.7,1.68,-1.22,0.35
386.07,1.68,-1.22,0.35
386.45,1.68,-1.22,0.35
386.82,1.68,-1.22,0.35
387.19,1.68,-1.22,0.35
387.56,1.68,-1.22,0.35
387.93,1.68,-1.22,0.35
388.3,1.68,-1.22,0.35
388.66,1.68,-1.22,0.35
389.05,1.68,-1.22,0.35
389.42,1.68,-1.22,0.35
389.79,1.68,-1.22,0.35
390.16,1.68,-1.22,0.35
390.54,1.68,-1.22,0.35
390.91,1.68,-1.22,0.35
391.28,1.68,-1.22,0.35
391.65,1.68,-1.22,0.35
392.01,1.68,-1.22,0.35
392.38,1.68,-1.22,0.35
392.8,1.68,-1.22,0.35
393.16,1.68,-1.22,0.35
393.53,1.68,-1.22,0.35
393.91,1.68,-1.22,0.35
394.27,1.68,-1.22,0.35
394.65,1.68,-1.22,0.35
395.02,1.68,-1.22,0.35
395.41,1.68,-1.22,0.35
395.77,1.68,-1.22,0.35
396.14,1.68,-1.22,0.35
396.51,1.68,-1.22,0.35
396.88,1.68,-1.22,0.35
397.25,1.68,-1.22,0.35
397.62,1.68,-1.22,0.35
397.98,1.68,-1.22,0.35
398.36,1.68,-1.22,0.35
398.73,1.68,-1.22,0.35
399.1,1.68,-1.22,0.35
399.48,1.68,-1.22,0.35
399.85,1.68,-1.22,0.59
400.22,1.68,-1.22,0.59
400.59,1.68,-1.22,0.59
400.95,1.68,-1.22,0.59
401.32,1.68,-1.22,0.59
401.7,1.68,-1.22,0.59
402.68,1.68,-1.22,0.59
403.07,1.68,-1.22,0.59
403.44,1.68,-1.22,0.59
403.81,1.68,-1.22,0.59
404.18,1.68,-1.22,0.59
404.55,1.68,-1.22,0.59
404.93,1.68,-1.22,0.59
405.33,1.68,-1.22,0.59
405.71,1.68,-1.22,0.59
406.08,1.68,-1.22,0.59
406.46,1.68,-1.22,0.59
406.83,1.68,-1.22,0.59
407.2,1.68,-1.22,0.59
407.57,1.68,-1.22,0.59
407.94,1.68,-1.22,0.59
408.31,1.68,-1.22,0.59
408.69,1.68,-1.22,0.59
409.06,1.68,-1.22,0.59
409.43,1.68,-1.22,0.59
409.8,1.68,-1.22,0.59
410.17,1.68,-1.22,0.59
410.55,1.68,-1.22,0.59
410.91,1.68,-1.22,0.59
411.28,1.68,-1.22,0.59
411.65,1.68,-1.22,0.59
412.02,1.68,-1.22,0.59
412.38,1.68,-1.22,0.59
412.75,1.68,-1.22,0.59
413.12,1.68,-1.22,0.59
413.48,1.68,-1.22,0.59
413.85,1.68,-1.22,0.59
414.22,1.68,-1.22,0.59
414.61,1.68,-1.22,0.59
414.98,1.68,-1.22,0.59
415.35,1.68,-1.22,0.59
415.72,1.68,-1.22,0.59
416.12,1.68,-1.22,0.59
416.49,1.68,-1.22,0.59
416.86,1.68,-1.22,0.59
417.23,1.68,-1.22,0.59
417.6,1.68,-1.22,0.59
417.97,1.68,-1.22,0.59
418.34,1.68,-1.22,0.59
418.71,1.68,-1.22,0.59
419.08,1.68,-1.22,0.59
419.45,1.68,-1.22,0.59
419.82,1.68,-1.22,0.59
420.19,1.68,-1.22,0.59
420.56,1.68,-1.22,0.59
420.94,1.68,-1.22,0.59
421.32,1.68,-1.22,0.59
421.69,1.68,-1.22,0.59
422.09,1.68,-1.22,0.59
422.49,1.68,-1.22,0.59
422.88,1.68,-1.22,0.59
423.27,1.68,-1.22,0.59
423.67,1.68,-1.22,0.59
424.06,1.68,-1.22,0.59
424.44,1.68,-1.22,0.59
424.9,1.68,-1.22,0.59
425.29,1.68,-1.22,0.59
425.67,1.68,-1.22,0.59
426.1,1.68,-1.22,0.59
426.59,1.68,-1.22,0.59
427.04,1.68,-1.22,0.59
427.44,1.68,-1.22,0.59
427.85,1.68,-1.22,0.59
428.23,1.68,-1.22,0.59
428.63,1.68,-1.22,0.59
429.02,1.68,-1.22,0.59
429.4,1.68,-1.22,0.59
429.77,1.68,-1.22,0.59
430.15,1.68,-1.22,0.59
430.63,1.68,-1.22,0.59
431.07,1.68,-1.22,0.59
431.52,1.68,-1.22,0.59
432.04,1.92,-1.22,0.35
432.41,1.92,-1.22,0.35
432.82,1.92,-1.22,0.35
433.22,1.92,-1.22,0.35
433.6,1.92,-1.22,0.35
433.97,1.92,-1.22,0.35
434.4,1.92,-1.22,0.35
434.8,1.92,-1.22,0.35
435.19,1.92,-1.22,0.35
435.57,1.92,-1.22,0.35
435.98,1.92,-1.22,0.35
436.35,1.92,-1.22,0.35
436.72,1.92,-1.22,0.35
437.12,1.92,-1.22,0.35
437.52,1.92,-1.22,0.35
437.89,1.92,-1.22,0.35
438.26,1.92,-1.22,0.35
438.67,1.92,-1.22,0.35
439.04,1.92,-1.22,0.35
439.42,1.92,-1.22,0.35
439.78,1.92,-1.22,0.35
440.16,1.92,-1.22,0.35
440.53,1.92,-1.22,0.35
440.9,1.92,-1.22,0.35
441.29,1.92,-1.22,0.35
441.67,1.92,-1.22,0.35
442.04,1.92,-1.22,0.35
442.45,1.92,-1.22,0.35
442.86,1.92,-1.22,0.35
443.22,1.92,-1.22,0.35
443.6,1.92,-1.22,0.35
443.96,1.92,-1.22,0.35
444.33,1.92,-1.22,0.35
444.7,1.92,-1.22,0.35
445.07,1.92,-1.22,0.35
445.44,1.92,-1.22,0.35
445.87,1.92,-1.22,0.35
446.27,1.92,-1.22,0.35
446.86,1.92,-1.22,0.35
447.27,1.92,-1.22,0.35
447.64,2.4,-1.22,0.59
448.03,2.4,-1.22,0.59
448.41,2.4,-1.22,0.59
448.79,2.4,-1.22,0.59
449.16,2.4,-1.22,0.59
449.56,2.4,-1.22,0.59
449.93,2.4,-1.22,0.59
450.31,2.4,-1.22,0.59
450.73,2.4,-1.22,0.59
451.13,2.4,-1.22,0.59
451.54,2.4,-1.22,0.59
451.91,2.4,-1.22,0.59
452.28,2.4,-1.22,0.59
452.66,2.4,-1.22,0.59
453.03,2.4,-1.22,0.59
453.46,2.4,-1.22,0.59
453.84,2.4,-1.22,0.59
454.22,2.4,-1.22,0.59
454.67,2.4,-1.22,0.59
455.05,2.4,-1.22,0.59
455.42,2.4,-1.22,0.59
455.8,2.4,-1.22,0.59
456.17,2.4,-1.22,0.59
456.54,2.4,-1.22,0.59
456.91,2.4,-1.22,0.59
457.29,2.4,-1.22,0.59
457.67,2.4,-1.22,0.59
458.05,2.4,-1.22,0.59
458.44,2.4,-1.22,0.59
458.88,2.4,-1.22,0.59
459.29,2.4,-1.22,0.59
459.66,2.4,-1.22,0.59
460.03,2.4,-1.22,0.59
460.41,2.4,-1.22,0.59
460.81,2.4,-1.22,0.59
461.19,2.4,-1.22,0.59
461.56,2.4,-1.22,0.59
461.92,2.4,-1.22,0.59
462.31,2.4,-1.22,0.59
462.69,2.4,-1.22,0.59
463.08,2.4,-1.22,0.59
463.52,2.4,-1.22,0.59
463.89,3.36,-1.22,0.59
464.26,3.36,-1.22,0.59
464.65,3.36,-1.22,0.59
465.02,3.36,-1.22,0.59
465.42,3.36,-1.22,0.59
465.86,3.36,-1.22,0.59
466.23,3.36,-1.22,0.59
466.62,3.36,-1.22,0.59
467,3.36,-1.22,0.59
467.44,3.36,-1.22,0.59
467.88,3.36,-1.22,0.59
468.25,3.36,-1.22,0.59
468.62,3.36,-1.22,0.59
469,3.36,-1.22,0.59
469.4,3.36,-1.22,0.59
469.77,3.36,-1.22,0.59
470.15,3.36,-1.22,0.59
470.54,3.36,-1.22,0.59
470.91,3.36,-1.22,0.59
471.29,3.36,-1.22,0.59
471.65,3.36,-1.22,0.59
472.03,3.36,-1.22,0.59
472.39,3.36,-1.22,0.59
472.76,3.36,-1.22,0.59
473.13,3.36,-1.22,0.59
473.5,3.36,-1.22,0.59
473.89,3.36,-1.22,0.59
474.26,3.36,-1.22,0.59
474.64,3.36,-1.22,0.59
475.01,3.36,-1.22,0.59
475.38,3.36,-1.22,0.59
475.74,3.36,-1.22,0.59
476.11,3.36,-1.22,0.59
476.47,3.36,-1.22,0.59
476.84,3.36,-1.22,0.59
477.2,3.36,-1.22,0.59
477.57,3.36,-1.22,0.59
477.94,3.36,-1.22,0.59
478.3,3.36,-1.22,0.59
478.68,3.36,-1.22,0.59
479.05,3.36,-1.22,0.59
479.42,3.36,-1.22,0.59
479.79,2.64,-1.7,0.35
480.17,2.64,-1.7,0.35
480.54,2.64,-1.7,0.35
480.91,2.64,-1.7,0.35
481.27,2.64,-1.7,0.35
481.64,2.64,-1.7,0.35
482.01,2.64,-1.7,0.35
482.38,2.64,-1.7,0.35
482.75,2.64,-1.7,0.35
483.15,2.64,-1.7,0.35
483.52,2.64,-1.7,0.35
483.89,2.64,-1.7,0.35
484.26,2.64,-1.7,0.35
484.63,2.64,-1.7,0.35
485,2.64,-1.7,0.35
485.37,2.64,-1.7,0.35
485.74,2.64,-1.7,0.35
486.11,2.64,-1.7,0.35
486.5,2.64,-1.7,0.35
486.87,2.64,-1.7,0.35
487.24,2.64,-1.7,0.35
487.61,2.64,-1.7,0.35
487.98,2.64,-1.7,0.35
488.35,2.64,-1.7,0.35
488.72,2.64,-1.7,0.35
489.09,2.64,-1.7,0.35
489.46,2.64,-1.7,0.35
489.82,2.64,-1.7,0.35
490.19,2.64,-1.7,0.35
490.57,2.64,-1.7,0.35
490.94,2.64,-1.7,0.35
491.31,2.64,-1.7,0.35
491.68,2.64,-1.7,0.35
492.11,2.64,-1.7,0.35
492.48,2.64,-1.7,0.35
492.87,2.64,-1.7,0.35
493.24,2.64,-1.7,0.35
493.61,2.64,-1.7,0.35
493.97,2.64,-1.7,0.35
494.35,2.64,-1.7,0.35
494.72,2.64,-1.7,0.35
495.08,2.64,-1.7,0.35
495.45,2.64,-1.7,0.35
495.82,2.4,-1.22,0.59
496.18,2.4,-1.22,0.59
496.54,2.4,-1.22,0.59
496.91,2.4,-1.22,0.59
497.27,2.4,-1.22,0.59
497.64,2.4,-1.22,0.59
498,2.4,-1.22,0.59
498.38,2.4,-1.22,0.59
498.75,2.4,-1.22,0.59
499.13,2.4,-1.22,0.59
499.49,2.4,-1.22,0.59
499.86,2.4,-1.22,0.59
500.23,2.4,-1.22,0.59
500.59,2.4,-1.22,0.59
500.96,2.4,-1.22,0.59
501.33,2.4,-1.22,0.59
501.7,2.4,-1.22,0.59
502.07,2.4,-1.22,0.59
502.44,2.4,-1.22,0.59
502.81,2.4,-1.22,0.59
503.18,2.4,-1.22,0.59
503.55,2.4,-1.22,0.59
503.91,2.4,-1.22,0.59
504.28,2.4,-1.22,0.59
504.65,2.4,-1.22,0.59
505.03,2.4,-1.22,0.59
505.4,2.4,-1.22,0.59
505.77,2.4,-1.22,0.59
506.14,2.4,-1.22,0.59
506.51,2.4,-1.22,0.59
506.88,2.4,-1.22,0.59
507.25,2.4,-1.22,0.59
507.61,2.4,-1.22,0.59
507.98,2.4,-1.22,0.59
508.35,2.4,-1.22,0.59
508.75,2.4,-1.22,0.59
509.11,2.4,-1.22,0.59
509.48,2.4,-1.22,0.59
509.85,2.4,-1.22,0.59
510.22,2.4,-1.22,0.59
510.59,2.4,-1.22,0.59
510.96,2.4,-1.22,0.59
511.35,2.4,-1.22,0.59
511.72,2.4,-1.22,0.59
512.08,2.4,-1.22,0.59
512.45,2.4,-1.22,0.59
512.82,2.4,-1.22,0.59
513.18,2.4,-1.22,0.59
513.56,2.4,-1.22,0.59
513.92,2.4,-1.22,0.59
514.29,2.4,-1.22,0.59
514.67,2.4,-1.22,0.59
515.04,2.4,-1.22,0.59
515.46,2.4,-1.22,0.59
515.9,2.4,-1.22,0.59
516.27,2.4,-1.22,0.59
516.63,2.4,-1.22,0.59
517,2.4,-1.22,0.59
517.36,2.4,-1.22,0.59
517.75,2.4,-1.22,0.59
518.11,2.4,-1.22,0.59
518.49,2.4,-1.22,0.59
518.86,2.4,-1.22,0.59
519.22,2.4,-1.22,0.59
519.59,2.4,-1.22,0.59
519.95,2.4,-1.22,0.59
520.32,2.4,-1.22,0.59
520.69,2.4,-1.22,0.59
521.06,2.4,-1.22,0.59
521.42,2.4,-1.22,0.59
521.79,2.4,-1.22,0.59
522.15,2.4,-1.22,0.59
522.53,2.4,-1.22,0.59
522.92,2.4,-1.22,0.59
523.29,2.4,-1.22,0.59
523.66,2.4,-1.22,0.59
524.05,2.4,-1.22,0.59
524.41,2.4,-1.22,0.59
524.78,2.4,-1.22,0.59
525.14,2.4,-1.22,0.59
525.51,2.4,-1.22,0.59
525.88,2.4,-1.22,0.59
526.25,2.4,-1.22,0.59
526.62,2.4,-1.22,0.59
526.99,2.4,-1.22,0.59
527.35,2.4,-1.22,0.59
527.72,2.4,-0.98,0.35
528.09,2.4,-0.98,0.35
528.45,2.4,-0.98,0.35
528.82,2.4,-0.98,0.35
529.18,2.4,-0.98,0.35
529.55,2.4,-0.98,0.35
529.91,2.4,-0.98,0.35
530.29,2.4,-0.98,0.35
530.67,2.4,-0.98,0.35
531.03,2.4,-0.98,0.35
531.4,2.4,-0.98,0.35
531.76,2.4,-0.98,0.35
532.12,2.4,-0.98,0.35
532.49,2.4,-0.98,0.35
532.85,2.4,-0.98,0.35
533.21,2.4,-0.98,0.35
533.57,2.4,-0.98,0.35
533.94,2.4,-0.98,0.35
534.3,2.4,-0.98,0.35
534.67,2.4,-0.98,0.35
535.04,2.4,-0.98,0.35
535.41,2.4,-0.98,0.35
535.77,2.4,-0.98,0.35
536.14,2.4,-0.98,0.35
536.51,2.4,-0.98,0.35
536.88,2.4,-0.98,0.35
537.25,2.4,-0.98,0.35
537.61,2.4,-0.98,0.35
537.97,2.4,-0.98,0.35
538.34,2.4,-0.98,0.35
538.71,2.4,-0.98,0.35
539.07,2.4,-0.98,0.35
539.43,2.4,-0.98,0.35
539.8,2.4,-0.98,0.35
540.16,2.4,-0.98,0.35
540.52,2.4,-0.98,0.35
540.9,2.4,-0.98,0.35
541.27,2.4,-0.98,0.35
541.63,2.4,-0.98,0.35
542,2.4,-0.98,0.35
542.37,2.4,-0.98,0.35
542.75,2.4,-0.98,0.35
543.11,2.4,-0.98,0.35
543.47,2.4,-0.98,0.35
543.84,2.64,-1.22,0.59
544.2,2.64,-1.22,0.59
544.57,2.64,-1.22,0.59
544.95,2.64,-1.22,0.59
545.31,2.64,-1.22,0.59
545.68,2.64,-1.22,0.59
546.04,2.64,-1.22,0.59
546.45,2.64,-1.22,0.59
546.82,2.64,-1.22,0.59
547.18,2.64,-1.22,0.59
547.54,2.64,-1.22,0.59
547.91,2.64,-1.22,0.59
548.28,2.64,-1.22,0.59
548.66,2.64,-1.22,0.59
549.02,2.64,-1.22,0.59
549.38,2.64,-1.22,0.59
549.75,2.64,-1.22,0.59
550.11,2.64,-1.22,0.59
550.49,2.64,-1.22,0.59
550.85,2.64,-1.22,0.59
551.21,2.64,-1.22,0.59
551.58,2.64,-1.22,0.59
551.94,2.64,-1.22,0.59
552.31,2.64,-1.22,0.59
552.67,2.64,-1.22,0.59
553.03,2.64,-1.22,0.59
553.4,2.64,-1.22,0.59
553.76,2.64,-1.22,0.59
554.12,2.64,-1.22,0.59
554.5,2.64,-1.22,0.59
554.88,2.64,-1.22,0.59
555.24,2.64,-1.22,0.59
555.61,2.64,-1.22,0.59
555.97,2.64,-1.22,0.59
556.33,2.64,-1.22,0.59
556.7,2.64,-1.22,0.59
557.06,2.64,-1.22,0.59
557.43,2.64,-1.22,0.59
557.79,2.64,-1.22,0.59
558.22,2.64,-1.22,0.59
558.59,2.64,-1.22,0.59
558.96,2.64,-1.22,0.59
559.32,2.64,-1.22,0.59
559.69,2.64,-1.22,0.59
560.05,2.64,-1.22,0.59
560.42,2.64,-1.22,0.59
560.78,2.64,-1.22,0.59
561.17,2.64,-1.22,0.59
561.53,2.64,-1.22,0.59
561.9,2.64,-1.22,0.59
562.26,2.64,-1.22,0.59
562.63,2.64,-1.22,0.59
563,2.64,-1.22,0.59
563.37,2.64,-1.22,0.59
563.73,2.64,-1.22,0.59
564.09,2.64,-1.22,0.59
564.46,2.64,-1.22,0.59
564.82,2.64,-1.22,0.59
565.18,2.64,-1.22,0.59
565.55,2.64,-1.22,0.59
565.91,2.64,-1.22,0.59
566.28,2.64,-1.22,0.59
566.65,2.64,-1.22,0.59
567.01,2.64,-1.22,0.59
567.39,2.64,-1.22,0.59
567.76,2.64,-1.22,0.59
568.12,2.64,-1.22,0.59
568.49,2.64,-1.22,0.59
568.85,2.64,-1.22,0.59
569.22,2.64,-1.22,0.59
569.58,2.64,-1.22,0.59
569.95,2.64,-1.22,0.59
570.31,2.64,-1.22,0.59
570.68,2.64,-1.22,0.59
571.05,2.64,-1.22,0.59
571.41,2.64,-1.22,0.59
571.78,2.64,-1.22,0.59
572.14,2.64,-1.22,0.59
572.51,2.64,-1.22,0.59
572.87,2.64,-1.22,0.59
573.24,2.64,-1.22,0.59
573.62,2.64,-1.22,0.59
573.98,2.64,-1.22,0.59
574.35,2.64,-1.22,0.59
574.71,2.64,-1.22,0.59
575.08,2.64,-1.22,0.59
575.45,2.64,-1.22,0.59
575.81,2.64,-1.22,0.35
576.17,2.64,-1.22,0.35
576.54,2.64,-1.22,0.35
576.9,2.64,-1.22,0.35
577.26,2.64,-1.22,0.35
577.63,2.64,-1.22,0.35
577.99,2.64,-1.22,0.35
578.36,2.64,-1.22,0.35
578.73,2.64,-1.22,0.35
579.09,2.64,-1.22,0.35
579.46,2.64,-1.22,0.35
579.84,2.64,-1.22,0.35
580.2,2.64,-1.22,0.35
580.57,2.64,-1.22,0.35
580.93,2.64,-1.22,0.35
581.3,2.64,-1.22,0.35
581.66,2.64,-1.22,0.35
582.03,2.64,-1.22,0.35
582.4,2.64,-1.22,0.35
582.76,2.64,-1.22,0.35
583.13,2.64,-1.22,0.35
583.49,2.64,-1.22,0.35
583.86,2.64,-1.22,0.35
584.23,2.64,-1.22,0.35
584.59,2.64,-1.22,0.35
584.95,2.64,-1.22,0.35
585.32,2.64,-1.22,0.35
585.7,2.64,-1.22,0.35
586.06,2.64,-1.22,0.35
586.44,2.64,-1.22,0.35
586.8,2.64,-1.22,0.35
587.17,2.64,-1.22,0.35
587.54,2.64,-1.22,0.35
587.9,2.64,-1.22,0.35
588.26,2.64,-1.22,0.35
588.63,2.64,-1.22,0.35
588.99,2.64,-1.22,0.35
589.36,2.64,-1.22,0.35
589.72,2.64,-1.22,0.35
590.08,2.64,-1.22,0.35
590.46,2.64,-1.22,0.35
590.82,2.64,-1.22,0.35
591.19,2.64,-1.22,0.35
591.56,2.64,-0.98,0.35
591.93,2.64,-0.98,0.35
592.3,2.64,-0.98,0.35
592.66,2.64,-0.98,0.35
593.03,2.64,-0.98,0.35
593.4,2.64,-0.98,0.35
593.76,2.64,-0.98,0.35
594.12,2.64,-0.98,0.35
594.5,2.64,-0.98,0.35
594.86,2.64,-0.98,0.35
595.23,2.64,-0.98,0.35
595.59,2.64,-0.98,0.35
595.96,2.64,-0.98,0.35
596.32,2.64,-0.98,0.35
596.72,2.64,-0.98,0.35
597.09,2.64,-0.98,0.35
597.45,2.64,-0.98,0.35
597.82,2.64,-0.98,0.35
598.2,2.64,-0.98,0.35
598.57,2.64,-0.98,0.35
598.93,2.64,-0.98,0.35
599.29,2.64,-0.98,0.35
599.66,2.64,-0.98,0.35
600.02,2.64,-0.98,0.35
600.38,2.64,-0.98,0.35
600.75,2.64,-0.98,0.35
601.11,2.64,-0.98,0.35
601.47,2.64,-0.98,0.35
601.84,2.64,-0.98,0.35
602.2,2.64,-0.98,0.35
602.57,2.64,-0.98,0.35
602.93,2.64,-0.98,0.35
603.3,2.64,-0.98,0.35
603.66,2.64,-0.98,0.35
604.03,2.64,-0.98,0.35
604.41,2.64,-0.98,0.35
604.78,2.64,-0.98,0.35
605.14,2.64,-0.98,0.35
605.51,2.64,-0.98,0.35
605.87,2.64,-0.98,0.35
606.24,2.64,-0.98,0.35
606.61,2.64,-0.98,0.35
606.97,2.64,-0.98,0.35
607.34,2.64,-0.98,0.35
607.71,3.12,-1.22,0.35
608.07,3.12,-1.22,0.35
608.44,3.12,-1.22,0.35
608.8,3.12,-1.22,0.35
609.17,3.12,-1.22,0.35
609.53,3.12,-1.22,0.35
609.9,3.12,-1.22,0.35
610.26,3.12,-1.22,0.35
610.65,3.12,-1.22,0.35
611.01,3.12,-1.22,0.35
611.38,3.12,-1.22,0.35
611.75,3.12,-1.22,0.35
612.11,3.12,-1.22,0.35
612.48,3.12,-1.22,0.35
612.84,3.12,-1.22,0.35
613.21,3.12,-1.22,0.35
613.57,3.12,-1.22,0.35
613.94,3.12,-1.22,0.35
614.33,3.12,-1.22,0.35
614.7,3.12,-1.22,0.35
615.06,3.12,-1.22,0.35
615.43,3.12,-1.22,0.35
615.79,3.12,-1.22,0.35
616.15,3.12,-1.22,0.35
616.52,3.12,-1.22,0.35
616.9,3.12,-1.22,0.35
617.27,3.12,-1.22,0.35
617.63,3.12,-1.22,0.35
618,3.12,-1.22,0.35
618.36,3.12,-1.22,0.35
618.73,3.12,-1.22,0.35
619.1,3.12,-1.22,0.35
619.46,3.12,-1.22,0.35
619.83,3.12,-1.22,0.35
620.19,3.12,-1.22,0.35
620.56,3.12,-1.22,0.35
620.92,3.12,-1.22,0.35
621.29,3.12,-1.22,0.35
621.65,3.12,-1.22,0.35
622.02,3.12,-1.22,0.35
622.39,3.12,-1.22,0.35
622.76,3.12,-1.22,0.35
623.14,3.12,-1.22,0.35
623.51,3.12,-1.22,0.35
623.87,3.6,-1.22,0.35
624.26,3.6,-1.22,0.35
624.63,3.6,-1.22,0.35
625.06,3.6,-1.22,0.35
625.43,3.6,-1.22,0.35
625.8,3.6,-1.22,0.35
626.16,3.6,-1.22,0.35
626.54,3.6,-1.22,0.35
626.91,3.6,-1.22,0.35
627.27,3.6,-1.22,0.35
627.64,3.6,-1.22,0.35
628.01,3.6,-1.22,0.35
628.38,3.6,-1.22,0.35
628.74,3.6,-1.22,0.35
629.12,3.6,-1.22,0.35
629.49,3.6,-1.22,0.35
629.86,3.6,-1.22,0.35
630.23,3.6,-1.22,0.35
630.6,3.6,-1.22,0.35
630.97,3.6,-1.22,0.35
631.34,3.6,-1.22,0.35
631.71,3.6,-1.22,0.35
632.08,3.6,-1.22,0.35
632.44,3.6,-1.22,0.35
632.81,3.6,-1.22,0.35
633.17,3.6,-1.22,0.35
633.54,3.6,-1.22,0.35
633.91,3.6,-1.22,0.35
634.28,3.6,-1.22,0.35
634.65,3.6,-1.22,0.35
635.02,3.6,-1.22,0.35
635.4,3.6,-1.22,0.35
635.77,3.6,-1.22,0.35
636.13,3.6,-1.22,0.35
636.5,3.6,-1.22,0.35
636.87,3.6,-1.22,0.35
637.23,3.6,-1.22,0.35
637.6,3.6,-1.22,0.35
637.97,3.6,-1.22,0.35
638.34,3.6,-1.22,0.35
638.7,3.6,-1.22,0.35
639.07,3.6,-1.22,0.35
639.44,3.6,-1.22,0.35
639.8,3.6,-1.22,0.59
640.17,3.6,-1.22,0.59
640.54,3.6,-1.22,0.59
640.9,3.6,-1.22,0.59
641.27,3.6,-1.22,0.59
641.65,3.6,-1.22,0.59
642.02,3.6,-1.22,0.59
642.39,3.6,-1.22,0.59
642.76,3.6,-1.22,0.59
643.13,3.6,-1.22,0.59
643.49,3.6,-1.22,0.59
643.86,3.6,-1.22,0.59
644.23,3.6,-1.22,0.59
644.6,3.6,-1.22,0.59
644.96,3.6,-1.22,0.59
645.33,3.6,-1.22,0.59
645.7,3.6,-1.22,0.59
646.07,3.6,-1.22,0.59
646.44,3.6,-1.22,0.59
646.8,3.6,-1.22,0.59
647.17,3.6,-1.22,0.59
647.53,3.6,-1.22,0.59
647.92,3.6,-1.22,0.59
648.28,3.6,-1.22,0.59
648.65,3.6,-1.22,0.59
649.02,3.6,-1.22,0.59
649.38,3.6,-1.22,0.59
649.75,3.6,-1.22,0.59
650.12,3.6,-1.22,0.59
650.49,3.6,-1.22,0.59
650.86,3.6,-1.22,0.59
651.23,3.6,-1.22,0.59
651.59,3.6,-1.22,0.59
651.96,3.6,-1.22,0.59
652.33,3.6,-1.22,0.59
652.7,3.6,-1.22,0.59
653.06,3.6,-1.22,0.59
653.43,3.6,-1.22,0.59
653.79,3.6,-1.22,0.59
654.17,3.6,-1.22,0.59
654.55,3.6,-1.22,0.59
654.92,3.6,-1.22,0.59
655.28,3.6,-1.22,0.59
655.65,3.6,-1.22,0.59
656.01,3.6,-1.22,0.59
656.38,3.6,-1.22,0.59
656.75,3.6,-1.22,0.59
657.11,3.6,-1.22,0.59
657.48,3.6,-1.22,0.59
657.85,3.6,-1.22,0.59
658.21,3.6,-1.22,0.59
658.58,3.6,-1.22,0.59
658.95,3.6,-1.22,0.59
659.32,3.6,-1.22,0.59
659.68,3.6,-1.22,0.59
660.05,3.6,-1.22,0.59
660.43,3.6,-1.22,0.59
660.8,3.6,-1.22,0.59
661.16,3.6,-1.22,0.59
661.53,3.6,-1.22,0.59
661.9,3.6,-1.22,0.59
662.27,3.6,-1.22,0.59
662.64,3.6,-1.22,0.59
663.01,3.6,-1.22,0.59
663.38,3.6,-1.22,0.59
663.74,3.6,-1.22,0.59
664.11,3.6,-1.22,0.59
664.48,3.6,-1.22,0.59
664.85,3.6,-1.22,0.59
665.21,3.6,-1.22,0.59
665.58,3.6,-1.22,0.59
665.95,3.6,-1.22,0.59
666.32,3.6,-1.22,0.59
666.71,3.6,-1.22,0.59
667.07,3.6,-1.22,0.59
667.44,3.6,-1.22,0.59
667.81,3.6,-1.22,0.59
668.18,3.6,-1.22,0.59
668.54,3.6,-1.22,0.59
668.92,3.6,-1.22,0.59
669.28,3.6,-1.22,0.59
669.65,3.6,-1.22,0.59
670.02,3.6,-1.22,0.59
670.43,3.6,-1.22,0.59
670.8,3.6,-1.22,0.59
671.17,3.6,-1.22,0.59
671.53,4.32,-1.22,0.35
671.9,4.32,-1.22,0.35
672.26,4.32,-1.22,0.35
672.64,4.32,-1.22,0.35
673.01,4.32,-1.22,0.35
673.38,4.32,-1.22,0.35
673.75,4.32,-1.22,0.35
674.11,4.32,-1.22,0.35
674.49,4.32,-1.22,0.35
674.85,4.32,-1.22,0.35
675.22,4.32,-1.22,0.35
675.59,4.32,-1.22,0.35
675.95,4.32,-1.22,0.35
676.32,4.32,-1.22,0.35
676.69,4.32,-1.22,0.35
677.05,4.32,-1.22,0.35
677.42,4.32,-1.22,0.35
677.79,4.32,-1.22,0.35
678.16,4.32,-1.22,0.35
678.53,4.32,-1.22,0.35
678.91,4.32,-1.22,0.35
679.28,4.32,-1.22,0.35
679.64,4.32,-1.22,0.35
680.01,4.32,-1.22,0.35
680.38,4.32,-1.22,0.35
680.74,4.32,-1.22,0.35
681.11,4.32,-1.22,0.35
681.48,4.32,-1.22,0.35
681.84,4.32,-1.22,0.35
682.21,4.32,-1.22,0.35
682.59,4.32,-1.22,0.35
682.95,4.32,-1.22,0.35
683.32,4.32,-1.22,0.35
683.68,4.32,-1.22,0.35
684.05,4.32,-1.22,0.35
684.41,4.32,-1.22,0.35
684.77,4.32,-1.22,0.35
685.15,4.32,-1.22,0.35
685.52,4.32,-1.22,0.35
685.89,4.32,-1.22,0.35
686.25,4.32,-1.22,0.35
686.62,4.32,-1.22,0.35
686.99,4.32,-1.22,0.35
687.35,4.32,-1.22,0.35
687.72,4.56,-0.98,0.59
688.08,4.56,-0.98,0.59
688.44,4.56,-0.98,0.59
688.81,4.56,-0.98,0.59
689.2,4.56,-0.98,0.59
689.57,4.56,-0.98,0.59
690,4.56,-0.98,0.59
690.37,4.56,-0.98,0.59
690.74,4.56,-0.98,0.59
691.1,4.56,-0.98,0.59
691.48,4.56,-0.98,0.59
691.84,4.56,-0.98,0.59
692.2,4.56,-0.98,0.59
692.57,4.56,-0.98,0.59
692.93,4.56,-0.98,0.59
693.3,4.56,-0.98,0.59
693.66,4.56,-0.98,0.59
694.03,4.56,-0.98,0.59
694.4,4.56,-0.98,0.59
694.77,4.56,-0.98,0.59
695.13,4.56,-0.98,0.59
695.5,4.56,-0.98,0.59
695.89,4.56,-0.98,0.59
696.26,4.56,-0.98,0.59
696.62,4.56,-0.98,0.59
696.99,4.56,-0.98,0.59
697.35,4.56,-0.98,0.59
697.73,4.56,-0.98,0.59
698.1,4.56,-0.98,0.59
698.47,4.56,-0.98,0.59
698.84,4.56,-0.98,0.59
699.21,4.56,-0.98,0.59
699.57,4.56,-0.98,0.59
699.93,4.56,-0.98,0.59
700.3,4.56,-0.98,0.59
700.67,4.56,-0.98,0.59
701.03,4.56,-0.98,0.59
701.39,4.56,-0.98,0.59
701.76,4.56,-0.98,0.59
702.12,4.56,-0.98,0.59
702.49,4.56,-0.98,0.59
702.86,4.56,-0.98,0.59
703.22,4.56,-0.98,0.59
703.63,4.56,-1.22,0.35
704.01,4.56,-1.22,0.35
704.37,4.56,-1.22,0.35
704.74,4.56,-1.22,0.35
705.1,4.56,-1.22,0.35
705.47,4.56,-1.22,0.35
705.83,4.56,-1.22,0.35
706.19,4.56,-1.22,0.35
706.56,4.56,-1.22,0.35
706.93,4.56,-1.22,0.35
707.29,4.56,-1.22,0.35
707.66,4.56,-1.22,0.35
708.02,4.56,-1.22,0.35
708.39,4.56,-1.22,0.35
708.75,4.56,-1.22,0.35
709.11,4.56,-1.22,0.35
709.48,4.56,-1.22,0.35
709.84,4.56,-1.22,0.35
710.22,4.56,-1.22,0.35
710.59,4.56,-1.22,0.35
710.96,4.56,-1.22,0.35
711.32,4.56,-1.22,0.35
711.68,4.56,-1.22,0.35
712.05,4.56,-1.22,0.35
712.41,4.56,-1.22,0.35
712.78,4.56,-1.22,0.35
713.14,4.56,-1.22,0.35
713.5,4.56,-1.22,0.35
713.87,4.56,-1.22,0.35
714.24,4.56,-1.22,0.35
714.61,4.56,-1.22,0.35
714.99,4.56,-1.22,0.35
715.36,4.56,-1.22,0.35
715.72,4.56,-1.22,0.35
716.1,4.56,-1.22,0.35
716.47,4.56,-1.22,0.35
716.83,4.56,-1.22,0.35
717.19,4.56,-1.22,0.35
717.55,4.56,-1.22,0.35
717.91,4.56,-1.22,0.35
718.28,4.56,-1.22,0.35
718.65,4.56,-1.22,0.35
719.01,4.56,-1.22,0.35
719.38,4.56,-1.22,0.35
719.74,4.8,-1.22,0.59
720.11,4.8,-1.22,0.59
720.47,4.8,-1.22,0.59
720.83,4.8,-1.22,0.59
721.2,4.8,-1.22,0.59
721.56,4.8,-1.22,0.59
721.93,4.8,-1.22,0.59
722.31,4.8,-1.22,0.59
722.68,4.8,-1.22,0.59
723.04,4.8,-1.22,0.59
723.4,4.8,-1.22,0.59
728.94,4.8,-1.22,0.59
729.43,4.8,-1.22,0.59
729.8,4.8,-1.22,0.59
730.16,4.8,-1.22,0.59
730.54,4.8,-1.22,0.59
730.9,4.8,-1.22,0.59
731.25,4.8,-1.22,0.59
731.61,4.8,-1.22,0.59
731.97,4.8,-1.22,0.59
732.33,4.8,-1.22,0.59
732.69,4.8,-1.22,0.59
733.05,4.8,-1.22,0.59
733.41,4.8,-1.22,0.59
733.8,4.8,-1.22,0.59
734.16,4.8,-1.22,0.59
734.52,4.8,-1.22,0.59
734.88,4.8,-1.22,0.59
735.25,4.8,-1.22,0.59
735.62,4.8,-1.22,0.35
735.97,4.8,-1.22,0.35
736.33,4.8,-1.22,0.35
736.69,4.8,-1.22,0.35
737.05,4.8,-1.22,0.35
737.43,4.8,-1.22,0.35
737.78,4.8,-1.22,0.35
738.15,4.8,-1.22,0.35
738.51,4.8,-1.22,0.35
738.87,4.8,-1.22,0.35
739.24,4.8,-1.22,0.35
739.6,4.8,-1.22,0.35
739.98,4.8,-1.22,0.35
740.33,4.8,-1.22,0.35
740.69,4.8,-1.22,0.35
741.05,4.8,-1.22,0.35
741.41,4.8,-1.22,0.35
741.77,4.8,-1.22,0.35
742.13,4.8,-1.22,0.35
742.49,4.8,-1.22,0.35
742.85,4.8,-1.22,0.35
743.2,4.8,-1.22,0.35
743.56,4.8,-1.22,0.35
743.92,4.8,-1.22,0.35
744.28,4.8,-1.22,0.35
744.63,4.8,-1.22,0.35
744.99,4.8,-1.22,0.35
745.34,4.8,-1.22,0.35
745.7,4.8,-1.22,0.35
746.07,4.8,-1.22,0.35
746.43,4.8,-1.22,0.35
746.79,4.8,-1.22,0.35
747.14,4.8,-1.22,0.35
747.5,4.8,-1.22,0.35
747.85,4.8,-1.22,0.35
748.21,4.8,-1.22,0.35
748.57,4.8,-1.22,0.35
748.92,4.8,-1.22,0.35
749.28,4.8,-1.22,0.35
749.64,4.8,-1.22,0.35
749.99,4.8,-1.22,0.35
750.36,4.8,-1.22,0.35
750.71,4.8,-1.22,0.35
751.07,4.8,-1.22,0.35
751.44,4.8,-1.22,0.35
751.8,4.8,-1.22,0.59
752.17,4.8,-1.22,0.59
752.52,4.8,-1.22,0.59
752.88,4.8,-1.22,0.59
753.25,4.8,-1.22,0.59
753.61,4.8,-1.22,0.59
753.96,4.8,-1.22,0.59
754.32,4.8,-1.22,0.59
754.68,4.8,-1.22,0.59
755.04,4.8,-1.22,0.59
755.41,4.8,-1.22,0.59
755.76,4.8,-1.22,0.59
756.12,4.8,-1.22,0.59
756.47,4.8,-1.22,0.59
756.83,4.8,-1.22,0.59
757.19,4.8,-1.22,0.59
757.55,4.8,-1.22,0.59
757.92,4.8,-1.22,0.59
758.28,4.8,-1.22,0.59
758.64,4.8,-1.22,0.59
758.99,4.8,-1.22,0.59
759.35,4.8,-1.22,0.59
759.71,4.8,-1.22,0.59
760.06,4.8,-1.22,0.59
760.41,4.8,-1.22,0.59
760.77,4.8,-1.22,0.59
761.12,4.8,-1.22,0.59
761.48,4.8,-1.22,0.59
761.83,4.8,-1.22,0.59
762.19,4.8,-1.22,0.59
762.55,4.8,-1.22,0.59
762.9,4.8,-1.22,0.59
763.26,4.8,-1.22,0.59
763.61,4.8,-1.22,0.59
763.98,4.8,-1.22,0.59
764.34,4.8,-1.22,0.59
764.69,4.8,-1.22,0.59
765.05,4.8,-1.22,0.59
765.41,4.8,-1.22,0.59
765.76,4.8,-1.22,0.59
766.12,4.8,-1.22,0.59
766.48,4.8,-1.22,0.59
766.83,4.8,-1.22,0.59
767.2,4.8,-1.22,0.59
767.56,4.8,-1.22,0.35
767.91,4.8,-1.22,0.35
768.26,4.8,-1.22,0.35
768.62,4.8,-1.22,0.35
768.97,4.8,-1.22,0.35
769.34,4.8,-1.22,0.35
769.7,4.8,-1.22,0.35
770.07,4.8,-1.22,0.35
770.43,4.8,-1.22,0.35
770.79,4.8,-1.22,0.35
771.15,4.8,-1.22,0.35
771.51,4.8,-1.22,0.35
771.86,4.8,-1.22,0.35
772.22,4.8,-1.22,0.35
772.57,4.8,-1.22,0.35
772.93,4.8,-1.22,0.35
773.29,4.8,-1.22,0.35
773.65,4.8,-1.22,0.35
774,4.8,-1.22,0.35
774.36,4.8,-1.22,0.35
774.72,4.8,-1.22,0.35
775.07,4.8,-1.22,0.35
775.43,4.8,-1.22,0.35
775.78,4.8,-1.22,0.35
776.16,4.8,-1.22,0.35
776.51,4.8,-1.22,0.35
776.87,4.8,-1.22,0.35
777.23,4.8,-1.22,0.35
777.58,4.8,-1.22,0.35
777.94,4.8,-1.22,0.35
778.29,4.8,-1.22,0.35
778.65,4.8,-1.22,0.35
779.01,4.8,-1.22,0.35
779.36,4.8,-1.22,0.35
779.72,4.8,-1.22,0.35
780.08,4.8,-1.22,0.35
780.43,4.8,-1.22,0.35
780.78,4.8,-1.22,0.35
781.14,4.8,-1.22,0.35
781.5,4.8,-1.22,0.35
781.85,4.8,-1.22,0.35
782.22,4.8,-1.22,0.35
782.58,4.8,-1.22,0.35
782.94,4.8,-1.22,0.35
783.31,4.8,-1.22,0.35
783.66,4.8,-1.22,0.59
784.01,4.8,-1.22,0.59
784.37,4.8,-1.22,0.59
784.72,4.8,-1.22,0.59
785.08,4.8,-1.22,0.59
785.44,4.8,-1.22,0.59
785.79,4.8,-1.22,0.59
786.16,4.8,-1.22,0.59
786.52,4.8,-1.22,0.59
786.87,4.8,-1.22,0.59
787.24,4.8,-1.22,0.59
787.6,4.8,-1.22,0.59
787.95,4.8,-1.22,0.59
788.32,4.8,-1.22,0.59
788.71,4.8,-1.22,0.59
789.09,4.8,-1.22,0.59
789.46,4.8,-1.22,0.59
789.81,4.8,-1.22,0.59
790.16,4.8,-1.22,0.59
790.53,4.8,-1.22,0.59
790.88,4.8,-1.22,0.59
791.24,4.8,-1.22,0.59
791.59,4.8,-1.22,0.59
791.95,4.8,-1.22,0.59
792.31,4.8,-1.22,0.59
792.66,4.8,-1.22,0.59
793.02,4.8,-1.22,0.59
793.37,4.8,-1.22,0.59
793.73,4.8,-1.22,0.59
794.08,4.8,-1.22,0.59
794.46,4.8,-1.22,0.59
794.82,4.8,-1.22,0.59
795.17,4.8,-1.22,0.59
795.53,4.8,-1.22,0.59
795.88,4.8,-1.22,0.59
796.24,4.8,-1.22,0.59
796.59,4.8,-1.22,0.59
796.95,4.8,-1.22,0.59
797.3,4.8,-1.22,0.59
797.66,4.8,-1.22,0.59
798.01,4.8,-1.22,0.59
798.38,4.8,-1.22,0.59
798.74,4.8,-1.22,0.59
799.09,4.8,-1.22,0.59
799.46,4.8,-1.22,0.59
799.81,4.8,-1.22,0.59
800.18,4.8,-1.22,0.59
800.54,4.8,-1.22,0.59
800.89,4.8,-1.22,0.59
801.26,4.8,-1.22,0.59
801.62,4.8,-1.22,0.59
801.97,4.8,-1.22,0.59
802.33,4.8,-1.22,0.59
802.69,4.8,-1.22,0.59
803.04,4.8,-1.22,0.59
803.41,4.8,-1.22,0.59
803.76,4.8,-1.22,0.59
804.12,4.8,-1.22,0.59
804.47,4.8,-1.22,0.59
804.83,4.8,-1.22,0.59
805.19,4.8,-1.22,0.59
805.54,4.8,-1.22,0.59
805.9,4.8,-1.22,0.59
806.27,4.8,-1.22,0.59
806.63,4.8,-1.22,0.59
806.99,4.8,-1.22,0.59
807.34,4.8,-1.22,0.59
807.7,4.8,-1.22,0.59
808.05,4.8,-1.22,0.59
808.41,4.8,-1.22,0.59
808.76,4.8,-1.22,0.59
809.12,4.8,-1.22,0.59
809.47,4.8,-1.22,0.59
809.83,4.8,-1.22,0.59
810.19,4.8,-1.22,0.59
810.55,4.8,-1.22,0.59
810.91,4.8,-1.22,0.59
811.26,4.8,-1.22,0.59
811.62,4.8,-1.22,0.59
811.98,4.8,-1.22,0.59
812.35,4.8,-1.22,0.59
812.71,4.8,-1.22,0.59
813.07,4.8,-1.22,0.59
813.42,4.8,-1.22,0.59
813.78,4.8,-1.22,0.59
814.14,4.8,-1.22,0.59
814.5,4.8,-1.22,0.59
814.86,4.8,-1.22,0.59
815.22,4.8,-1.22,0.59
815.58,5.04,-1.22,0.59
815.93,5.04,-1.22,0.59
816.29,5.04,-1.22,0.59
816.65,5.04,-1.22,0.59
817,5.04,-1.22,0.59
817.37,5.04,-1.22,0.59
817.73,5.04,-1.22,0.59
818.09,5.04,-1.22,0.59
818.47,5.04,-1.22,0.59
818.82,5.04,-1.22,0.59
819.19,5.04,-1.22,0.59
819.54,5.04,-1.22,0.59
819.9,5.04,-1.22,0.59
820.26,5.04,-1.22,0.59
820.61,5.04,-1.22,0.59
820.97,5.04,-1.22,0.59
821.34,5.04,-1.22,0.59
821.69,5.04,-1.22,0.59
822.05,5.04,-1.22,0.59
822.41,5.04,-1.22,0.59
822.77,5.04,-1.22,0.59
823.12,5.04,-1.22,0.59
823.48,5.04,-1.22,0.59
823.83,5.04,-1.22,0.59
824.19,5.04,-1.22,0.59
824.56,5.04,-1.22,0.59
824.91,5.04,-1.22,0.59
825.27,5.04,-1.22,0.59
825.62,5.04,-1.22,0.59
825.98,5.04,-1.22,0.59
826.34,5.04,-1.22,0.59
826.7,5.04,-1.22,0.59
827.05,5.04,-1.22,0.59
827.41,5.04,-1.22,0.59
827.77,5.04,-1.22,0.59
828.12,5.04,-1.22,0.59
828.48,5.04,-1.22,0.59
828.84,5.04,-1.22,0.59
829.19,5.04,-1.22,0.59
829.55,5.04,-1.22,0.59
829.91,5.04,-1.22,0.59
830.27,5.04,-1.22,0.59
830.64,5.04,-1.22,0.59
831,5.04,-1.22,0.59
831.36,5.04,-1.22,0.59
831.72,5.04,-1.22,0.59
832.07,5.04,-1.22,0.59
832.43,5.04,-1.22,0.59
832.78,5.04,-1.22,0.59
833.15,5.04,-1.22,0.59
833.51,5.04,-1.22,0.59
833.87,5.52,-1.22,0.35
834.22,5.52,-1.22,0.35
834.58,5.52,-1.22,0.35
834.94,5.52,-1.22,0.35
835.31,5.52,-1.22,0.35
835.67,5.52,-1.22,0.35
836.02,5.52,-1.22,0.35
836.38,5.52,-1.22,0.35
836.75,5.52,-1.22,0.35
837.1,5.52,-1.22,0.35
837.47,5.52,-1.22,0.35
837.83,5.52,-1.22,0.35
838.18,5.52,-1.22,0.35
838.54,5.52,-1.22,0.35
838.9,5.52,-1.22,0.35
839.27,5.52,-1.22,0.35
839.62,5.52,-1.22,0.35
839.98,5.52,-1.22,0.35
840.33,5.52,-1.22,0.35
840.69,5.52,-1.22,0.35
841.04,5.52,-1.22,0.35
841.4,5.52,-1.22,0.35
841.76,5.52,-1.22,0.35
842.11,5.52,-1.22,0.35
842.49,5.52,-1.22,0.35
842.85,5.52,-1.22,0.35
843.2,5.52,-1.22,0.35
843.56,5.52,-1.22,0.35
843.91,5.52,-1.22,0.35
844.27,5.52,-1.22,0.35
844.62,5.52,-1.22,0.35
844.98,5.52,-1.22,0.35
845.33,5.52,-1.22,0.35
845.69,5.52,-1.22,0.35
846.04,5.52,-1.22,0.35
846.4,5.52,-1.22,0.35
846.76,5.52,-1.22,0.35
847.12,5.52,-1.22,0.35
847.47,5.52,-1.22,0.35
847.83,5.52,-1.22,0.35
848.18,5.52,-1.22,0.35
848.55,5.52,-1.22,0.35
848.91,5.52,-1.22,0.35
849.28,5.52,-1.22,0.35
849.64,5.76,-1.22,0.35
849.99,5.76,-1.22,0.35
850.36,5.76,-1.22,0.35
850.71,5.76,-1.22,0.35
851.07,5.76,-1.22,0.35
851.44,5.76,-1.22,0.35
851.79,5.76,-1.22,0.35
852.15,5.76,-1.22,0.35
852.51,5.76,-1.22,0.35
852.86,5.76,-1.22,0.35
853.23,5.76,-1.22,0.35
853.59,5.76,-1.22,0.35
853.95,5.76,-1.22,0.35
854.3,5.76,-1.22,0.35
854.68,5.76,-1.22,0.35
855.12,5.76,-1.22,0.35
855.54,5.76,-1.22,0.35
855.9,5.76,-1.22,0.35
856.25,5.76,-1.22,0.35
856.62,5.76,-1.22,0.35
856.98,5.76,-1.22,0.35
857.34,5.76,-1.22,0.35
857.7,5.76,-1.22,0.35
858.06,5.76,-1.22,0.35
858.42,5.76,-1.22,0.35
858.78,5.76,-1.22,0.35
859.14,5.76,-1.22,0.35
859.5,5.76,-1.22,0.35
859.86,5.76,-1.22,0.35
860.22,5.76,-1.22,0.35
860.58,5.76,-1.22,0.35
860.95,5.76,-1.22,0.35
861.31,5.76,-1.22,0.35
861.67,5.76,-1.22,0.35
862.03,5.76,-1.22,0.35
862.4,5.76,-1.22,0.35
862.76,5.76,-1.22,0.35
863.12,5.76,-1.22,0.35
863.48,5.76,-1.22,0.35
863.84,5.76,-1.22,0.35
864.19,5.76,-1.22,0.35
864.55,5.76,-1.22,0.35
864.91,5.76,-1.22,0.35
865.28,5.76,-1.22,0.35
865.64,6.24,-1.22,0.59
866,6.24,-1.22,0.59
866.38,6.24,-1.22,0.59
866.74,6.24,-1.22,0.59
867.11,6.24,-1.22,0.59
867.48,6.24,-1.22,0.59
867.85,6.24,-1.22,0.59
868.2,6.24,-1.22,0.59
868.57,6.24,-1.22,0.59
868.92,6.24,-1.22,0.59
869.29,6.24,-1.22,0.59
869.65,6.24,-1.22,0.59
870.01,6.24,-1.22,0.59
870.37,6.24,-1.22,0.59
870.73,6.24,-1.22,0.59
871.09,6.24,-1.22,0.59
871.46,6.24,-1.22,0.59
871.82,6.24,-1.22,0.59
872.18,6.24,-1.22,0.59
872.54,6.24,-1.22,0.59
872.9,6.24,-1.22,0.59
873.27,6.24,-1.22,0.59
873.63,6.24,-1.22,0.59
873.99,6.24,-1.22,0.59
874.35,6.24,-1.22,0.59
874.71,6.24,-1.22,0.59
875.07,6.24,-1.22,0.59
875.43,6.24,-1.22,0.59
875.79,6.24,-1.22,0.59
876.15,6.24,-1.22,0.59
876.51,6.24,-1.22,0.59
876.87,6.24,-1.22,0.59
877.23,6.24,-1.22,0.59
877.59,6.24,-1.22,0.59
877.94,6.24,-1.22,0.59
878.3,6.24,-1.22,0.59
878.67,6.24,-1.22,0.59
879.03,6.24,-1.22,0.59
879.4,6.24,-1.22,0.59
879.76,6.24,-1.22,0.59
880.11,6.24,-1.22,0.59
880.47,6.24,-1.22,0.59
880.83,6.24,-1.22,0.59
881.2,6.24,-1.22,0.59
881.56,6.24,-1.22,0.59
881.92,6.24,-1.22,0.59
882.28,6.24,-1.22,0.59
882.64,6.24,-1.22,0.59
883,6.24,-1.22,0.59
883.37,6.24,-1.22,0.59
883.74,6.24,-1.22,0.59
884.09,6.24,-1.22,0.59
884.45,6.24,-1.22,0.59
884.81,6.24,-1.22,0.59
885.2,6.24,-1.22,0.59
885.56,6.24,-1.22,0.59
885.92,6.24,-1.22,0.59
886.28,6.24,-1.22,0.59
886.65,6.24,-1.22,0.59
887,6.24,-1.22,0.59
887.38,6.24,-1.22,0.59
887.73,6.24,-1.22,0.59
888.09,6.24,-1.22,0.59
888.45,6.24,-1.22,0.59
888.81,6.24,-1.22,0.59
889.17,6.24,-1.22,0.59
889.52,6.24,-1.22,0.59
889.88,6.24,-1.22,0.59
890.24,6.24,-1.22,0.59
890.6,6.24,-1.22,0.59
890.96,6.24,-1.22,0.59
891.33,6.24,-1.22,0.59
891.69,6.24,-1.22,0.59
892.05,6.24,-1.22,0.59
892.41,6.24,-1.22,0.59
892.77,6.24,-1.22,0.59
893.12,6.24,-1.22,0.59
893.48,6.24,-1.22,0.59
893.84,6.24,-1.22,0.59
894.19,6.24,-1.22,0.59
894.56,6.24,-1.22,0.59
894.92,6.24,-1.22,0.59
895.28,6.24,-1.22,0.59
895.64,6.24,-1.22,0.59
896,6.24,-1.22,0.59
896.35,6.24,-1.22,0.59
896.71,6.24,-1.22,0.59
897.07,6.24,-1.22,0.59
897.45,6.24,-1.22,0.59
897.81,6.48,-0.98,0.59
898.17,6.48,-0.98,0.59
898.53,6.48,-0.98,0.59
898.89,6.48,-0.98,0.59
899.26,6.48,-0.98,0.59
899.62,6.48,-0.98,0.59
899.98,6.48,-0.98,0.59
900.34,6.48,-0.98,0.59
900.7,6.48,-0.98,0.59
901.05,6.48,-0.98,0.59
901.43,6.48,-0.98,0.59
901.78,6.48,-0.98,0.59
902.14,6.48,-0.98,0.59
902.51,6.48,-0.98,0.59
902.87,6.48,-0.98,0.59
903.24,6.48,-0.98,0.59
903.61,6.48,-0.98,0.59
903.98,6.48,-0.98,0.59
904.34,6.48,-0.98,0.59
904.7,6.48,-0.98,0.59
905.05,6.48,-0.98,0.59
905.41,6.48,-0.98,0.59
905.77,6.48,-0.98,0.59
906.14,6.48,-0.98,0.59
906.5,6.48,-0.98,0.59
906.86,6.48,-0.98,0.59
907.22,6.48,-0.98,0.59
907.58,6.48,-0.98,0.59
907.94,6.48,-0.98,0.59
908.3,6.48,-0.98,0.59
908.66,6.48,-0.98,0.59
909.02,6.48,-0.98,0.59
909.37,6.48,-0.98,0.59
909.75,6.48,-0.98,0.59
910.1,6.48,-0.98,0.59
910.47,6.48,-0.98,0.59
910.83,6.48,-0.98,0.59
911.19,6.48,-0.98,0.59
911.55,6.48,-0.98,0.59
911.91,6.48,-0.98,0.59
912.27,6.48,-0.98,0.59
912.63,6.48,-0.98,0.59
912.99,6.48,-0.98,0.59
913.36,6.48,-0.98,0.59
913.72,6.72,-1.22,0.35
914.08,6.72,-1.22,0.35
914.45,6.72,-1.22,0.35
914.8,6.72,-1.22,0.35
915.18,6.72,-1.22,0.35
915.54,6.72,-1.22,0.35
915.91,6.72,-1.22,0.35
916.27,6.72,-1.22,0.35
916.63,6.72,-1.22,0.35
916.99,6.72,-1.22,0.35
917.36,6.72,-1.22,0.35
917.72,6.72,-1.22,0.35
918.09,6.72,-1.22,0.35
918.45,6.72,-1.22,0.35
918.81,6.72,-1.22,0.35
919.18,6.72,-1.22,0.35
919.55,6.72,-1.22,0.35
919.9,6.72,-1.22,0.35
920.26,6.72,-1.22,0.35
920.62,6.72,-1.22,0.35
920.98,6.72,-1.22,0.35
921.34,6.72,-1.22,0.35
921.71,6.72,-1.22,0.35
922.08,6.72,-1.22,0.35
922.44,6.72,-1.22,0.35
922.8,6.72,-1.22,0.35
923.17,6.72,-1.22,0.35
923.52,6.72,-1.22,0.35
923.88,6.72,-1.22,0.35
924.24,6.72,-1.22,0.35
924.6,6.72,-1.22,0.35
924.96,6.72,-1.22,0.35
925.32,6.72,-1.22,0.35
925.68,6.72,-1.22,0.35
926.04,6.72,-1.22,0.35
926.41,6.72,-1.22,0.35
926.77,6.72,-1.22,0.35
927.13,6.72,-1.22,0.35
927.49,6.72,-1.22,0.35
927.86,6.72,-1.22,0.35
928.22,6.72,-1.22,0.35
928.58,6.72,-1.22,0.35
928.94,6.72,-1.22,0.35
929.4,6.72,-1.22,0.35
929.76,6.72,-1.22,0.59
930.13,6.72,-1.22,0.59
930.53,6.72,-1.22,0.59
930.89,6.72,-1.22,0.59
931.26,6.72,-1.22,0.59
931.62,6.72,-1.22,0.59
931.98,6.72,-1.22,0.59
932.36,6.72,-1.22,0.59
932.75,6.72,-1.22,0.59
933.14,6.72,-1.22,0.59
933.5,6.72,-1.22,0.59
933.86,6.72,-1.22,0.59
934.24,6.72,-1.22,0.59
934.61,6.72,-1.22,0.59
934.97,6.72,-1.22,0.59
935.34,6.72,-1.22,0.59
935.7,6.72,-1.22,0.59
936.06,6.72,-1.22,0.59
936.42,6.72,-1.22,0.59
936.78,6.72,-1.22,0.59
937.14,6.72,-1.22,0.59
937.5,6.72,-1.22,0.59
937.86,6.72,-1.22,0.59
938.22,6.72,-1.22,0.59
938.58,6.72,-1.22,0.59
938.95,6.72,-1.22,0.59
939.3,6.72,-1.22,0.59
939.67,6.72,-1.22,0.59
940.03,6.72,-1.22,0.59
940.4,6.72,-1.22,0.59
940.76,6.72,-1.22,0.59
941.12,6.72,-1.22,0.59
941.48,6.72,-1.22,0.59
941.84,6.72,-1.22,0.59
942.2,6.72,-1.22,0.59
942.6,6.72,-1.22,0.59
942.96,6.72,-1.22,0.59
943.34,6.72,-1.22,0.59
943.72,6.72,-1.22,0.59
944.08,6.72,-1.22,0.59
944.44,6.72,-1.22,0.59
944.8,6.72,-1.22,0.59
945.17,6.72,-1.22,0.59
945.53,6.72,-1.22,0.59
945.89,6.72,-1.22,0.59
946.25,6.72,-1.22,0.59
946.63,6.72,-1.22,0.59
947,6.72,-1.22,0.59
947.37,6.72,-1.22,0.59
947.73,6.72,-1.22,0.59
948.09,6.72,-1.22,0.59
948.45,6.72,-1.22,0.59
948.81,6.72,-1.22,0.59
949.18,6.72,-1.22,0.59
949.54,6.72,-1.22,0.59
949.9,6.72,-1.22,0.59
950.25,6.72,-1.22,0.59
950.65,6.72,-1.22,0.59
951.02,6.72,-1.22,0.59
951.39,6.72,-1.22,0.59
951.75,6.72,-1.22,0.59
952.11,6.72,-1.22,0.59
952.47,6.72,-1.22,0.59
952.84,6.72,-1.22,0.59
953.2,6.72,-1.22,0.59
953.56,6.72,-1.22,0.59
953.92,6.72,-1.22,0.59
954.28,6.72,-1.22,0.59
954.68,6.72,-1.22,0.59
955.04,6.72,-1.22,0.59
955.4,6.72,-1.22,0.59
955.76,6.72,-1.22,0.59
956.12,6.72,-1.22,0.59
956.47,6.72,-1.22,0.59
956.83,6.72,-1.22,0.59
957.19,6.72,-1.22,0.59
957.55,6.72,-1.22,0.59
957.91,6.72,-1.22,0.59
958.27,6.72,-1.22,0.59
958.67,6.72,-1.22,0.59
959.05,6.72,-1.22,0.59
959.4,6.72,-1.22,0.59
959.76,6.72,-1.22,0.59
960.12,6.72,-1.22,0.59
960.48,6.72,-1.22,0.59
960.84,6.72,-1.22,0.59
961.21,6.72,-1.22,0.59
961.57,6.72,-1.22,0.59
961.92,6.72,-1.22,0.59
962.28,6.72,-1.22,0.59
962.68,6.72,-1.22,0.59
963.04,6.72,-1.22,0.59
963.41,6.72,-1.22,0.59
963.78,6.72,-1.22,0.59
964.14,6.72,-1.22,0.59
964.5,6.72,-1.22,0.59
964.87,6.72,-1.22,0.59
965.24,6.72,-1.22,0.59
965.6,6.72,-1.22,0.59
965.95,6.72,-1.22,0.59
966.31,6.72,-1.22,0.59
966.68,6.72,-1.22,0.59
967.04,6.72,-1.22,0.59
967.41,6.72,-1.22,0.59
967.77,6.72,-1.22,0.59
968.13,6.72,-1.22,0.59
968.48,6.72,-1.22,0.59
968.84,6.72,-1.22,0.59
969.2,6.72,-1.22,0.59
969.56,6.72,-1.22,0.59
969.91,6.72,-1.22,0.59
970.27,6.72,-1.22,0.59
970.64,6.72,-1.22,0.59
971.01,6.72,-1.22,0.59
971.37,6.72,-1.22,0.59
971.73,6.72,-1.22,0.59
972.09,6.72,-1.22,0.59
972.45,6.72,-1.22,0.59
972.81,6.72,-1.22,0.59
973.16,6.72,-1.22,0.59
973.52,6.72,-1.22,0.59
973.88,6.72,-1.22,0.59
974.24,6.72,-1.22,0.59
974.6,6.72,-1.22,0.59
974.96,6.72,-1.22,0.59
975.32,6.72,-1.22,0.59
975.68,6.72,-1.22,0.59
976.04,6.72,-1.22,0.59
976.39,6.72,-1.22,0.59
976.75,6.72,-1.22,0.59
977.13,6.72,-1.22,0.59
977.49,6.72,-1.22,0.59
977.85,6.96,-1.22,0.59
978.21,6.96,-1.22,0.59
978.58,6.96,-1.22,0.59
978.94,6.96,-1.22,0.59
979.31,6.96,-1.22,0.59
979.67,6.96,-1.22,0.59
980.07,6.96,-1.22,0.59
980.48,6.96,-1.22,0.59
980.88,6.96,-1.22,0.59
981.29,6.96,-1.22,0.59
981.66,6.96,-1.22,0.59
982.01,6.96,-1.22,0.59
982.38,6.96,-1.22,0.59
982.74,6.96,-1.22,0.59
983.11,6.96,-1.22,0.59
983.49,6.96,-1.22,0.59
983.86,6.96,-1.22,0.59
984.21,6.96,-1.22,0.59
984.57,6.96,-1.22,0.59
984.93,6.96,-1.22,0.59
985.29,6.96,-1.22,0.59
985.65,6.96,-1.22,0.59
986.01,6.96,-1.22,0.59
986.38,6.96,-1.22,0.59
986.74,6.96,-1.22,0.59
987.19,6.96,-1.22,0.59
987.55,6.96,-1.22,0.59
987.91,6.96,-1.22,0.59
988.27,6.96,-1.22,0.59
988.63,6.96,-1.22,0.59
988.99,6.96,-1.22,0.59
989.35,6.96,-1.22,0.59
989.72,6.96,-1.22,0.59
990.08,6.96,-1.22,0.59
990.45,6.96,-1.22,0.59
990.81,6.96,-1.22,0.59
991.16,6.96,-1.22,0.59
991.54,6.96,-1.22,0.59
991.92,6.96,-1.22,0.59
992.28,6.96,-1.22,0.59
992.64,6.96,-1.22,0.59
993,6.96,-1.22,0.59
993.38,6.96,-1.22,0.59
993.73,7.2,-1.22,0.59
994.09,7.2,-1.22,0.59
994.46,7.2,-1.22,0.59
994.82,7.2,-1.22,0.59
995.2,7.2,-1.22,0.59
995.56,7.2,-1.22,0.59
995.93,7.2,-1.22,0.59
996.29,7.2,-1.22,0.59
996.65,7.2,-1.22,0.59
997.01,7.2,-1.22,0.59
997.38,7.2,-1.22,0.59
997.74,7.2,-1.22,0.59
998.1,7.2,-1.22,0.59
998.47,7.2,-1.22,0.59
998.82,7.2,-1.22,0.59
999.2,7.2,-1.22,0.59
999.55,7.2,-1.22,0.59
999.91,7.2,-1.22,0.59
1000.3,7.2,-1.22,0.59
1000.6,7.2,-1.22,0.59
1001,7.2,-1.22,0.59
1001.4,7.2,-1.22,0.59
1001.7,7.2,-1.22,0.59
1002.1,7.2,-1.22,0.59
1002.5,7.2,-1.22,0.59
1002.8,7.2,-1.22,0.59
1003.2,7.2,-1.22,0.59
1003.5,7.2,-1.22,0.59
1003.9,7.2,-1.22,0.59
1004.2,7.2,-1.22,0.59
1004.6,7.2,-1.22,0.59
1005,7.2,-1.22,0.59
1005.3,7.2,-1.22,0.59
1005.7,7.2,-1.22,0.59
1006,7.2,-1.22,0.59
1006.5,7.2,-1.22,0.59
1006.8,7.2,-1.22,0.59
1007.2,7.2,-1.22,0.59
1007.5,7.2,-1.22,0.59
1007.9,7.2,-1.22,0.59
1008.3,7.2,-1.22,0.59
1008.6,7.2,-1.22,0.59
1009,7.2,-1.22,0.59
1009.4,7.2,-1.22,0.59
1009.7,7.44,-1.22,0.35
1010.1,7.44,-1.22,0.35
1010.4,7.44,-1.22,0.35
1010.8,7.44,-1.22,0.35
1011.2,7.44,-1.22,0.35
1011.5,7.44,-1.22,0.35
1011.9,7.44,-1.22,0.35
1012.3,7.44,-1.22,0.35
1012.6,7.44,-1.22,0.35
1013,7.44,-1.22,0.35
1013.3,7.44,-1.22,0.35
1013.7,7.44,-1.22,0.35
1014.1,7.44,-1.22,0.35
1014.4,7.44,-1.22,0.35
1014.8,7.44,-1.22,0.35
1015.2,7.44,-1.22,0.35
1015.5,7.44,-1.22,0.35
1015.9,7.44,-1.22,0.35
1016.3,7.44,-1.22,0.35
1016.6,7.44,-1.22,0.35
1017,7.44,-1.22,0.35
1017.4,7.44,-1.22,0.35
1017.7,7.44,-1.22,0.35
1018.1,7.44,-1.22,0.35
1018.4,7.44,-1.22,0.35
1018.8,7.44,-1.22,0.35
1019.2,7.44,-1.22,0.35
1019.5,7.44,-1.22,0.35
1019.9,7.44,-1.22,0.35
1020.3,7.44,-1.22,0.35
1020.6,7.44,-1.22,0.35
1021,7.44,-1.22,0.35
1021.4,7.44,-1.22,0.35
1021.8,7.44,-1.22,0.35
1022.1,7.44,-1.22,0.35
1022.5,7.44,-1.22,0.35
1022.9,7.44,-1.22,0.35
1023.2,7.44,-1.22,0.35
1023.6,7.44,-1.22,0.35
1023.9,7.44,-1.22,0.35
1024.3,7.44,-1.22,0.35
1024.7,7.44,-1.22,0.35
1025,7.44,-1.22,0.35
1025.4,7.44,-1.22,0.35
1025.7,7.68,-1.22,0.35
1026.1,7.68,-1.22,0.35
1026.5,7.68,-1.22,0.35
1026.9,7.68,-1.22,0.35
1027.2,7.68,-1.22,0.35
1027.6,7.68,-1.22,0.35
1027.9,7.68,-1.22,0.35
1028.3,7.68,-1.22,0.35
1028.7,7.68,-1.22,0.35
1029,7.68,-1.22,0.35
1029.4,7.68,-1.22,0.35
1029.8,7.68,-1.22,0.35
1030.1,7.68,-1.22,0.35
1030.5,7.68,-1.22,0.35
1030.9,7.68,-1.22,0.35
1031.3,7.68,-1.22,0.35
1031.6,7.68,-1.22,0.35
1032,7.68,-1.22,0.35
1032.4,7.68,-1.22,0.35
1032.7,7.68,-1.22,0.35
1033.1,7.68,-1.22,0.35
1033.5,7.68,-1.22,0.35
1033.8,7.68,-1.22,0.35
1034.2,7.68,-1.22,0.35
1034.5,7.68,-1.22,0.35
1034.9,7.68,-1.22,0.35
1035.3,7.68,-1.22,0.35
1035.6,7.68,-1.22,0.35
1036,7.68,-1.22,0.35
1036.3,7.68,-1.22,0.35
1036.7,7.68,-1.22,0.35
1037.1,7.68,-1.22,0.35
1037.4,7.68,-1.22,0.35
1037.8,7.68,-1.22,0.35
1038.1,7.68,-1.22,0.35
1038.5,7.68,-1.22,0.35
1038.9,7.68,-1.22,0.35
1039.2,7.68,-1.22,0.35
1039.6,7.68,-1.22,0.35
1040,7.68,-1.22,0.35
1040.3,7.68,-1.22,0.35
1040.7,7.68,-1.22,0.35
1041,7.68,-1.22,0.35
1041.4,7.68,-1.22,0.35
1041.8,7.68,-1.22,0.59
1042.1,7.68,-1.22,0.59
1042.5,7.68,-1.22,0.59
1042.9,7.68,-1.22,0.59
1043.3,7.68,-1.22,0.59
1043.6,7.68,-1.22,0.59
1044,7.68,-1.22,0.59
1044.3,7.68,-1.22,0.59
1044.7,7.68,-1.22,0.59
1045.1,7.68,-1.22,0.59
1045.4,7.68,-1.22,0.59
1045.8,7.68,-1.22,0.59
1046.2,7.68,-1.22,0.59
1046.5,7.68,-1.22,0.59
1046.9,7.68,-1.22,0.59
1047.2,7.68,-1.22,0.59
1047.6,7.68,-1.22,0.59
1048,7.68,-1.22,0.59
1048.3,7.68,-1.22,0.59
1048.7,7.68,-1.22,0.59
1049,7.68,-1.22,0.59
1049.4,7.68,-1.22,0.59
1049.8,7.68,-1.22,0.59
1050.1,7.68,-1.22,0.59
1050.5,7.68,-1.22,0.59
1050.9,7.68,-1.22,0.59
1051.2,7.68,-1.22,0.59
1051.6,7.68,-1.22,0.59
1051.9,7.68,-1.22,0.59
1052.3,7.68,-1.22,0.59
1052.6,7.68,-1.22,0.59
1053,7.68,-1.22,0.59
1053.4,7.68,-1.22,0.59
1053.7,7.68,-1.22,0.59
1054.1,7.68,-1.22,0.59
1054.5,7.68,-1.22,0.59
1054.8,7.68,-1.22,0.59
1055.2,7.68,-1.22,0.59
1055.5,7.68,-1.22,0.59
1055.9,7.68,-1.22,0.59
1056.2,7.68,-1.22,0.59
1056.6,7.68,-1.22,0.59
1057,7.68,-1.22,0.59
1057.3,7.68,-1.22,0.59
1057.7,7.68,-1.22,0.59
1058.1,7.68,-1.22,0.59
1058.4,7.68,-1.22,0.59
1058.8,7.68,-1.22,0.59
1059.2,7.68,-1.22,0.59
1059.5,7.68,-1.22,0.59
1059.9,7.68,-1.22,0.59
1060.2,7.68,-1.22,0.59
1060.6,7.68,-1.22,0.59
1061,7.68,-1.22,0.59
1061.3,7.68,-1.22,0.59
1061.7,7.68,-1.22,0.59
1062,7.68,-1.22,0.59
1062.4,7.68,-1.22,0.59
1062.8,7.68,-1.22,0.59
1063.1,7.68,-1.22,0.59
1063.5,7.68,-1.22,0.59
1063.9,7.68,-1.22,0.59
1064.2,7.68,-1.22,0.59
1064.6,7.68,-1.22,0.59
1064.9,7.68,-1.22,0.59
1065.3,7.68,-1.22,0.59
1065.7,7.68,-1.22,0.59
1066,7.68,-1.22,0.59
1066.4,7.68,-1.22,0.59
1066.7,7.68,-1.22,0.59
1067.1,7.68,-1.22,0.59
1067.5,7.68,-1.22,0.59
1067.8,7.68,-1.22,0.59
1068.2,7.68,-1.22,0.59
1068.6,7.68,-1.22,0.59
1068.9,7.68,-1.22,0.59
1069.3,7.68,-1.22,0.59
1069.6,7.68,-1.22,0.59
1070,7.68,-1.22,0.59
1070.4,7.68,-1.22,0.59
1070.7,7.68,-1.22,0.59
1071.1,7.68,-1.22,0.59
1071.4,7.68,-1.22,0.59
1071.8,7.68,-1.22,0.59
1072.2,7.68,-1.22,0.59
1072.5,7.68,-1.22,0.59
1072.9,7.68,-1.22,0.59
1073.2,7.68,-1.22,0.59
1073.6,7.92,-1.22,0.59
1074,7.92,-1.22,0.59
1074.3,7.92,-1.22,0.59
1074.7,7.92,-1.22,0.59
1075,7.92,-1.22,0.59
1075.4,7.92,-1.22,0.59
1075.8,7.92,-1.22,0.59
1076.2,7.92,-1.22,0.59
1076.5,7.92,-1.22,0.59
1076.9,7.92,-1.22,0.59
1077.2,7.92,-1.22,0.59
1077.6,7.92,-1.22,0.59
1078,7.92,-1.22,0.59
1078.3,7.92,-1.22,0.59
1078.7,7.92,-1.22,0.59
1079,7.92,-1.22,0.59
1079.4,7.92,-1.22,0.59
1079.8,7.92,-1.22,0.59
1080.1,7.92,-1.22,0.59
1080.5,7.92,-1.22,0.59
1080.8,7.92,-1.22,0.59
1081.2,7.92,-1.22,0.59
1081.6,7.92,-1.22,0.59
1081.9,7.92,-1.22,0.59
1082.3,7.92,-1.22,0.59
1082.7,7.92,-1.22,0.59
1083,7.92,-1.22,0.59
1083.4,7.92,-1.22,0.59
1083.7,7.92,-1.22,0.59
1084.1,7.92,-1.22,0.59
1084.5,7.92,-1.22,0.59
1084.8,7.92,-1.22,0.59
1085.2,7.92,-1.22,0.59
1085.5,7.92,-1.22,0.59
1086,7.92,-1.22,0.59
1086.4,7.92,-1.22,0.59
1086.7,7.92,-1.22,0.59
1087.1,7.92,-1.22,0.59
1087.5,7.92,-1.22,0.59
1087.8,7.92,-1.22,0.59
1088.2,7.92,-1.22,0.59
1088.5,7.92,-1.22,0.59
1088.9,7.92,-1.22,0.59
1089.3,7.92,-1.22,0.59
1089.6,7.92,-1.22,0.59
1090,7.92,-1.22,0.59
1090.4,7.92,-1.22,0.59
1090.7,7.92,-1.22,0.59
1091.1,7.92,-1.22,0.59
1091.5,7.92,-1.22,0.59
1091.8,7.92,-1.22,0.59
1092.2,7.92,-1.22,0.59
1092.5,7.92,-1.22,0.59
1092.9,7.92,-1.22,0.59
1093.3,7.92,-1.22,0.59
1093.6,7.92,-1.22,0.59
1094,7.92,-1.22,0.59
1094.4,7.92,-1.22,0.59
1094.7,7.92,-1.22,0.59
1095.1,7.92,-1.22,0.59
1095.5,7.92,-1.22,0.59
1095.8,7.92,-1.22,0.59
1096.2,7.92,-1.22,0.59
1096.6,7.92,-1.22,0.59
1096.9,7.92,-1.22,0.59
1097.3,7.92,-1.22,0.59
1097.6,7.92,-1.22,0.59
1098,7.92,-1.22,0.59
1098.4,7.92,-1.22,0.59
1098.7,7.92,-1.22,0.59
1099.1,7.92,-1.22,0.59
1099.5,7.92,-1.22,0.59
1099.8,7.92,-1.22,0.59
1100.2,7.92,-1.22,0.59
